scene_id,clip_id,start_time_movie,end_time_movie,start_sec,end_sec,duration_sec
1,1.1,00:00:00.042,00:00:03.042,0.042,3.042,3
1,1.2,00:00:03.042,00:00:06.042,3.042,6.042,3
2,2.1,00:00:06.042,00:00:09.042,6.042,9.042,3
2,2.2,00:00:09.042,00:00:12.042,9.042,12.042,3
2,2.3,00:00:12.042,00:00:15.042,12.042,15.042,3
3,3.1,00:00:15.042,00:00:18.042,15.042,18.042,3
3,3.2,00:00:18.042,00:00:21.042,18.042,21.042,3
3,3.3,00:00:21.042,00:00:24.042,21.042,24.042,3
3,3.4,00:00:24.042,00:00:27.042,24.042,27.042,3
5,5.1,00:00:28.042,00:00:31.042,28.042,31.042,3
5,5.2,00:00:31.042,00:00:34.042,31.042,34.042,3
7,7.1,00:00:36.708,00:00:39.708,36.708,39.708,3
7,7.2,00:00:39.708,00:00:42.708,39.708,42.708,3
7,7.3,00:00:42.708,00:00:45.708,42.708,45.708,3
7,7.4,00:00:45.708,00:00:48.708,45.708,48.708,3
7,7.5,00:00:48.708,00:00:51.708,48.708,51.708,3
8,8.1,00:00:51.708,00:00:54.708,51.708,54.708,3
11,11.1,00:01:02.375,00:01:05.375,62.375,65.375,3
11,11.2,00:01:05.375,00:01:08.375,65.375,68.375,3
11,11.3,00:01:08.375,00:01:11.375,68.375,71.375,3
11,11.4,00:01:11.375,00:01:14.375,71.375,74.375,3
11,11.5,00:01:14.375,00:01:17.375,74.375,77.375,3
11,11.6,00:01:17.375,00:01:20.375,77.375,80.375,3
11,11.7,00:01:20.375,00:01:23.375,80.375,83.375,3
11,11.8,00:01:23.375,00:01:26.375,83.375,86.375,3
11,11.9,00:01:26.375,00:01:29.375,86.375,89.375,3
11,11.10,00:01:29.375,00:01:32.375,89.375,92.375,3
11,11.11,00:01:32.375,00:01:35.375,92.375,95.375,3
12,12.1,00:01:37.375,00:01:40.375,97.375,100.375,3
12,12.2,00:01:40.375,00:01:43.375,100.375,103.375,3
12,12.3,00:01:43.375,00:01:46.375,103.375,106.375,3
13,13.1,00:01:48.375,00:01:51.375,108.375,111.375,3
17,17.1,00:01:58.542,00:02:01.542,118.542,121.542,3
17,17.2,00:02:01.542,00:02:04.542,121.542,124.542,3
17,17.3,00:02:04.542,00:02:07.542,124.542,127.542,3
18,18.1,00:02:09.542,00:02:12.542,129.542,132.542,3
20,20.1,00:02:15.542,00:02:18.542,135.542,138.542,3
22,22.1,00:02:21.208,00:02:24.208,141.208,144.208,3
26,26.1,00:02:29.875,00:02:32.875,149.875,152.875,3
27,27.1,00:02:33.875,00:02:36.875,153.875,156.875,3
32,32.1,00:02:45.708,00:02:48.708,165.708,168.708,3
33,33.1,00:02:51.208,00:02:54.208,171.208,174.208,3
33,33.2,00:02:54.208,00:02:57.208,174.208,177.208,3
33,33.3,00:02:57.208,00:03:00.208,177.208,180.208,3
36,36.1,00:03:05.042,00:03:08.042,185.042,188.042,3
36,36.2,00:03:08.042,00:03:11.042,188.042,191.042,3
37,37.1,00:03:11.208,00:03:14.208,191.208,194.208,3
37,37.2,00:03:14.208,00:03:17.208,194.208,197.208,3
37,37.3,00:03:17.208,00:03:20.208,197.208,200.208,3
37,37.4,00:03:20.208,00:03:23.208,200.208,203.208,3
37,37.5,00:03:23.208,00:03:26.208,203.208,206.208,3
37,37.6,00:03:26.208,00:03:29.208,206.208,209.208,3
37,37.7,00:03:29.208,00:03:32.208,209.208,212.208,3
40,40.1,00:03:36.708,00:03:39.708,216.708,219.708,3
47,47.1,00:03:52.875,00:03:55.875,232.875,235.875,3
47,47.2,00:03:55.875,00:03:58.875,235.875,238.875,3
48,48.1,00:03:59.208,00:04:02.208,239.208,242.208,3
49,49.1,00:04:04.042,00:04:07.042,244.042,247.042,3
49,49.2,00:04:07.042,00:04:10.042,247.042,250.042,3
50,50.1,00:04:10.208,00:04:13.208,250.208,253.208,3
50,50.2,00:04:13.208,00:04:16.208,253.208,256.208,3
51,51.1,00:04:16.875,00:04:19.875,256.875,259.875,3
52,52.1,00:04:21.208,00:04:24.208,261.208,264.208,3
53,53.1,00:04:25.042,00:04:28.042,265.042,268.042,3
54,54.1,00:04:28.875,00:04:31.875,268.875,271.875,3
58,58.1,00:04:39.208,00:04:42.208,279.208,282.208,3
58,58.2,00:04:42.208,00:04:45.208,282.208,285.208,3
59,59.1,00:04:45.875,00:04:48.875,285.875,288.875,3
59,59.2,00:04:48.875,00:04:51.875,288.875,291.875,3
60,60.1,00:04:53.042,00:04:56.042,293.042,296.042,3
61,61.1,00:04:56.375,00:04:59.375,296.375,299.375,3
83,83.1,00:05:34.208,00:05:37.208,334.208,337.208,3
85,85.1,00:05:38.375,00:05:41.375,338.375,341.375,3
89,89.1,00:05:45.875,00:05:48.875,345.875,348.875,3
93,93.1,00:05:54.042,00:05:57.042,354.042,357.042,3
107,107.1,00:06:19.875,00:06:22.875,379.875,382.875,3
112,112.1,00:06:32.875,00:06:35.875,392.875,395.875,3
112,112.2,00:06:35.875,00:06:38.875,395.875,398.875,3
112,112.3,00:06:38.875,00:06:41.875,398.875,401.875,3
114,114.1,00:06:44.542,00:06:47.542,404.542,407.542,3
116,116.1,00:06:50.042,00:06:53.042,410.042,413.042,3
116,116.2,00:06:53.042,00:06:56.042,413.042,416.042,3
122,122.1,00:07:05.875,00:07:08.875,425.875,428.875,3
123,123.1,00:07:10.042,00:07:13.042,430.042,433.042,3
131,131.1,00:07:25.042,00:07:28.042,445.042,448.042,3
135,135.1,00:07:32.375,00:07:35.375,452.375,455.375,3
141,141.1,00:07:42.542,00:07:45.542,462.542,465.542,3
157,157.1,00:08:03.375,00:08:06.375,483.375,486.375,3
159,159.1,00:08:08.708,00:08:11.708,488.708,491.708,3
160,160.1,00:08:12.875,00:08:15.875,492.875,495.875,3
163,163.1,00:08:21.042,00:08:24.042,501.042,504.042,3
164,164.1,00:08:25.375,00:08:28.375,505.375,508.375,3
165,165.1,00:08:29.542,00:08:32.542,509.542,512.542,3
169,169.1,00:08:38.542,00:08:41.542,518.542,521.542,3
170,170.1,00:08:42.042,00:08:45.042,522.042,525.042,3
170,170.2,00:08:45.042,00:08:48.042,525.042,528.042,3
171,171.1,00:08:50.208,00:08:53.208,530.208,533.208,3
172,172.1,00:08:54.208,00:08:57.208,534.208,537.208,3
174,174.1,00:08:58.708,00:09:01.708,538.708,541.708,3
175,175.1,00:09:01.708,00:09:04.708,541.708,544.708,3
178,178.1,00:09:07.875,00:09:10.875,547.875,550.875,3
178,178.2,00:09:10.875,00:09:13.875,550.875,553.875,3
179,179.1,00:09:14.708,00:09:17.708,554.708,557.708,3
180,180.1,00:09:19.708,00:09:22.708,559.708,562.708,3
180,180.2,00:09:22.708,00:09:25.708,562.708,565.708,3
182,182.1,00:09:26.542,00:09:29.542,566.542,569.542,3
182,182.2,00:09:29.542,00:09:32.542,569.542,572.542,3
182,182.3,00:09:32.542,00:09:35.542,572.542,575.542,3
183,183.1,00:09:37.875,00:09:40.875,577.875,580.875,3
184,184.1,00:09:41.708,00:09:44.708,581.708,584.708,3
184,184.2,00:09:44.708,00:09:47.708,584.708,587.708,3
191,191.1,00:09:56.542,00:09:59.542,596.542,599.542,3
191,191.2,00:09:59.542,00:10:02.542,599.542,602.542,3
191,191.3,00:10:02.542,00:10:05.542,602.542,605.542,3
195,195.1,00:10:12.375,00:10:15.375,612.375,615.375,3
197,197.1,00:10:18.375,00:10:21.375,618.375,621.375,3
198,198.1,00:10:21.375,00:10:24.375,621.375,624.375,3
213,213.1,00:10:50.542,00:10:53.542,650.542,653.542,3
214,214.1,00:10:55.375,00:10:58.375,655.375,658.375,3
217,217.1,00:11:01.542,00:11:04.542,661.542,664.542,3
220,220.1,00:11:07.208,00:11:10.208,667.208,670.208,3
222,222.1,00:11:14.208,00:11:17.208,674.208,677.208,3
225,225.1,00:11:20.875,00:11:23.875,680.875,683.875,3
229,229.1,00:11:28.208,00:11:31.208,688.208,691.208,3
240,240.1,00:11:46.875,00:11:49.875,706.875,709.875,3
241,241.1,00:11:49.875,00:11:52.875,709.875,712.875,3
241,241.2,00:11:52.875,00:11:55.875,712.875,715.875,3
243,243.1,00:11:58.708,00:12:01.708,718.708,721.708,3
243,243.2,00:12:01.708,00:12:04.708,721.708,724.708,3
243,243.3,00:12:04.708,00:12:07.708,724.708,727.708,3
245,245.1,00:12:10.042,00:12:13.042,730.042,733.042,3
245,245.2,00:12:13.042,00:12:16.042,733.042,736.042,3
247,247.1,00:12:18.208,00:12:21.208,738.208,741.208,3
247,247.2,00:12:21.208,00:12:24.208,741.208,744.208,3
248,248.1,00:12:24.208,00:12:27.208,744.208,747.208,3
248,248.2,00:12:27.208,00:12:30.208,747.208,750.208,3
248,248.3,00:12:30.208,00:12:33.208,750.208,753.208,3
250,250.1,00:12:35.542,00:12:38.542,755.542,758.542,3
250,250.2,00:12:38.542,00:12:41.542,758.542,761.542,3
251,251.1,00:12:42.542,00:12:45.542,762.542,765.542,3
254,254.1,00:12:51.375,00:12:54.375,771.375,774.375,3
255,255.1,00:12:54.542,00:12:57.542,774.542,777.542,3
256,256.1,00:12:57.708,00:13:00.708,777.708,780.708,3
257,257.1,00:13:00.875,00:13:03.875,780.875,783.875,3
258,258.1,00:13:03.875,00:13:06.875,783.875,786.875,3
260,260.1,00:13:08.208,00:13:11.208,788.208,791.208,3
261,261.1,00:13:11.875,00:13:14.875,791.875,794.875,3
263,263.1,00:13:17.375,00:13:20.375,797.375,800.375,3
263,263.2,00:13:20.375,00:13:23.375,800.375,803.375,3
264,264.1,00:13:24.042,00:13:27.042,804.042,807.042,3
265,265.1,00:13:29.208,00:13:32.208,809.208,812.208,3
266,266.1,00:13:32.708,00:13:35.708,812.708,815.708,3
267,267.1,00:13:37.042,00:13:40.042,817.042,820.042,3
267,267.2,00:13:40.042,00:13:43.042,820.042,823.042,3
267,267.3,00:13:43.042,00:13:46.042,823.042,826.042,3
269,269.1,00:13:48.208,00:13:51.208,828.208,831.208,3
269,269.2,00:13:51.208,00:13:54.208,831.208,834.208,3
269,269.3,00:13:54.208,00:13:57.208,834.208,837.208,3
272,272.1,00:14:01.375,00:14:04.375,841.375,844.375,3
272,272.2,00:14:04.375,00:14:07.375,844.375,847.375,3
272,272.3,00:14:07.375,00:14:10.375,847.375,850.375,3
274,274.1,00:14:15.375,00:14:18.375,855.375,858.375,3
274,274.2,00:14:18.375,00:14:21.375,858.375,861.375,3
274,274.3,00:14:21.375,00:14:24.375,861.375,864.375,3
274,274.4,00:14:24.375,00:14:27.375,864.375,867.375,3
275,275.1,00:14:29.708,00:14:32.708,869.708,872.708,3
277,277.1,00:14:36.875,00:14:39.875,876.875,879.875,3
278,278.1,00:14:39.875,00:14:42.875,879.875,882.875,3
285,285.1,00:14:53.708,00:14:56.708,893.708,896.708,3
285,285.2,00:14:56.708,00:14:59.708,896.708,899.708,3
285,285.3,00:14:59.708,00:15:02.708,899.708,902.708,3
289,289.1,00:15:08.708,00:15:11.708,908.708,911.708,3
292,292.1,00:15:18.208,00:15:21.208,918.208,921.208,3
292,292.2,00:15:21.208,00:15:24.208,921.208,924.208,3
299,299.1,00:15:36.375,00:15:39.375,936.375,939.375,3
301,301.1,00:15:41.208,00:15:44.208,941.208,944.208,3
303,303.1,00:15:47.375,00:15:50.375,947.375,950.375,3
303,303.2,00:15:50.375,00:15:53.375,950.375,953.375,3
305,305.1,00:15:55.542,00:15:58.542,955.542,958.542,3
306,306.1,00:15:58.708,00:16:01.708,958.708,961.708,3
306,306.2,00:16:01.708,00:16:04.708,961.708,964.708,3
315,315.1,00:16:23.208,00:16:26.208,983.208,986.208,3
315,315.2,00:16:26.208,00:16:29.208,986.208,989.208,3
317,317.1,00:16:30.375,00:16:33.375,990.375,993.375,3
320,320.1,00:16:39.542,00:16:42.542,999.542,1002.542,3
321,321.1,00:16:42.875,00:16:45.875,1002.875,1005.875,3
326,326.1,00:16:57.542,00:17:00.542,1017.542,1020.542,3
334,334.1,00:17:16.042,00:17:19.042,1036.042,1039.042,3
335,335.1,00:17:19.708,00:17:22.708,1039.708,1042.708,3
336,336.1,00:17:23.042,00:17:26.042,1043.042,1046.042,3
337,337.1,00:17:27.042,00:17:30.042,1047.042,1050.042,3
338,338.1,00:17:30.542,00:17:33.542,1050.542,1053.542,3
340,340.1,00:17:35.875,00:17:38.875,1055.875,1058.875,3
342,342.1,00:17:41.875,00:17:44.875,1061.875,1064.875,3
346,346.1,00:17:49.875,00:17:52.875,1069.875,1072.875,3
355,355.1,00:18:08.042,00:18:11.042,1088.042,1091.042,3
357,357.1,00:18:13.875,00:18:16.875,1093.875,1096.875,3
357,357.2,00:18:16.875,00:18:19.875,1096.875,1099.875,3
357,357.3,00:18:19.875,00:18:22.875,1099.875,1102.875,3
357,357.4,00:18:22.875,00:18:25.875,1102.875,1105.875,3
357,357.5,00:18:25.875,00:18:28.875,1105.875,1108.875,3
358,358.1,00:18:29.875,00:18:32.875,1109.875,1112.875,3
361,361.1,00:18:36.375,00:18:39.375,1116.375,1119.375,3
371,371.1,00:18:51.375,00:18:54.375,1131.375,1134.375,3
374,374.1,00:19:00.208,00:19:03.208,1140.208,1143.208,3
374,374.2,00:19:03.208,00:19:06.208,1143.208,1146.208,3
375,375.1,00:19:06.375,00:19:09.375,1146.375,1149.375,3
377,377.1,00:19:10.708,00:19:13.708,1150.708,1153.708,3
385,385.1,00:19:24.375,00:19:27.375,1164.375,1167.375,3
392,392.1,00:19:36.875,00:19:39.875,1176.875,1179.875,3
394,394.1,00:19:43.542,00:19:46.542,1183.542,1186.542,3
394,394.2,00:19:46.542,00:19:49.542,1186.542,1189.542,3
394,394.3,00:19:49.542,00:19:52.542,1189.542,1192.542,3
395,395.1,00:19:53.208,00:19:56.208,1193.208,1196.208,3
395,395.2,00:19:56.208,00:19:59.208,1196.208,1199.208,3
395,395.3,00:19:59.208,00:20:02.208,1199.208,1202.208,3
395,395.4,00:20:02.208,00:20:05.208,1202.208,1205.208,3
395,395.5,00:20:05.208,00:20:08.208,1205.208,1208.208,3
396,396.1,00:20:10.708,00:20:13.708,1210.708,1213.708,3
399,399.1,00:20:17.708,00:20:20.708,1217.708,1220.708,3
401,401.1,00:20:23.375,00:20:26.375,1223.375,1226.375,3
402,402.1,00:20:27.208,00:20:30.208,1227.208,1230.208,3
403,403.1,00:20:30.208,00:20:33.208,1230.208,1233.208,3
410,410.1,00:20:46.375,00:20:49.375,1246.375,1249.375,3
410,410.2,00:20:49.375,00:20:52.375,1249.375,1252.375,3
411,411.1,00:20:52.708,00:20:55.708,1252.708,1255.708,3
416,416.1,00:21:06.875,00:21:09.875,1266.875,1269.875,3
417,417.1,00:21:10.542,00:21:13.542,1270.542,1273.542,3
419,419.1,00:21:17.708,00:21:20.708,1277.708,1280.708,3
424,424.1,00:21:29.208,00:21:32.208,1289.208,1292.208,3
426,426.1,00:21:34.875,00:21:37.875,1294.875,1297.875,3
426,426.2,00:21:37.875,00:21:40.875,1297.875,1300.875,3
426,426.3,00:21:40.875,00:21:43.875,1300.875,1303.875,3
427,427.1,00:21:45.375,00:21:48.375,1305.375,1308.375,3
437,437.1,00:22:02.542,00:22:05.542,1322.542,1325.542,3
437,437.2,00:22:05.542,00:22:08.542,1325.542,1328.542,3
443,443.1,00:22:18.042,00:22:21.042,1338.042,1341.042,3
443,443.2,00:22:21.042,00:22:24.042,1341.042,1344.042,3
455,455.1,00:22:39.375,00:22:42.375,1359.375,1362.375,3
455,455.2,00:22:42.375,00:22:45.375,1362.375,1365.375,3
455,455.3,00:22:45.375,00:22:48.375,1365.375,1368.375,3
455,455.4,00:22:48.375,00:22:51.375,1368.375,1371.375,3
455,455.5,00:22:51.375,00:22:54.375,1371.375,1374.375,3
458,458.1,00:23:00.375,00:23:03.375,1380.375,1383.375,3
459,459.1,00:23:06.042,00:23:09.042,1386.042,1389.042,3
463,463.1,00:23:15.042,00:23:18.042,1395.042,1398.042,3
463,463.2,00:23:18.042,00:23:21.042,1398.042,1401.042,3
481,481.1,00:23:50.208,00:23:53.208,1430.208,1433.208,3
482,482.1,00:23:53.375,00:23:56.375,1433.375,1436.375,3
482,482.2,00:23:56.375,00:23:59.375,1436.375,1439.375,3
484,484.1,00:24:01.542,00:24:04.542,1441.542,1444.542,3
485,485.1,00:24:05.542,00:24:08.542,1445.542,1448.542,3
485,485.2,00:24:08.542,00:24:11.542,1448.542,1451.542,3
492,492.1,00:24:22.375,00:24:25.375,1462.375,1465.375,3
496,496.1,00:24:34.042,00:24:37.042,1474.042,1477.042,3
498,498.1,00:24:40.875,00:24:43.875,1480.875,1483.875,3
500,500.1,00:24:48.875,00:24:51.875,1488.875,1491.875,3
501,501.1,00:24:54.208,00:24:57.208,1494.208,1497.208,3
502,502.1,00:24:58.375,00:25:01.375,1498.375,1501.375,3
504,504.1,00:25:04.208,00:25:07.208,1504.208,1507.208,3
505,505.1,00:25:07.875,00:25:10.875,1507.875,1510.875,3
507,507.1,00:25:14.208,00:25:17.208,1514.208,1517.208,3
507,507.2,00:25:17.208,00:25:20.208,1517.208,1520.208,3
510,510.1,00:25:24.042,00:25:27.042,1524.042,1527.042,3
510,510.2,00:25:27.042,00:25:30.042,1527.042,1530.042,3
511,511.1,00:25:32.875,00:25:35.875,1532.875,1535.875,3
512,512.1,00:25:38.208,00:25:41.208,1538.208,1541.208,3
516,516.1,00:25:46.375,00:25:49.375,1546.375,1549.375,3
517,517.1,00:25:49.875,00:25:52.875,1549.875,1552.875,3
518,518.1,00:25:53.542,00:25:56.542,1553.542,1556.542,3
518,518.2,00:25:56.542,00:25:59.542,1556.542,1559.542,3
519,519.1,00:25:59.542,00:26:02.542,1559.542,1562.542,3
519,519.2,00:26:02.542,00:26:05.542,1562.542,1565.542,3
520,520.1,00:26:05.708,00:26:08.708,1565.708,1568.708,3
521,521.1,00:26:09.042,00:26:12.042,1569.042,1572.042,3
523,523.1,00:26:14.875,00:26:17.875,1574.875,1577.875,3
523,523.2,00:26:17.875,00:26:20.875,1577.875,1580.875,3
531,531.1,00:26:36.708,00:26:39.708,1596.708,1599.708,3
531,531.2,00:26:39.708,00:26:42.708,1599.708,1602.708,3
531,531.3,00:26:42.708,00:26:45.708,1602.708,1605.708,3
531,531.4,00:26:45.708,00:26:48.708,1605.708,1608.708,3
531,531.5,00:26:48.708,00:26:51.708,1608.708,1611.708,3
531,531.6,00:26:51.708,00:26:54.708,1611.708,1614.708,3
532,532.1,00:26:55.875,00:26:58.875,1615.875,1618.875,3
534,534.1,00:27:03.375,00:27:06.375,1623.375,1626.375,3
539,539.1,00:27:14.708,00:27:17.708,1634.708,1637.708,3
541,541.1,00:27:22.208,00:27:25.208,1642.208,1645.208,3
543,543.1,00:27:29.875,00:27:32.875,1649.875,1652.875,3
545,545.1,00:27:36.375,00:27:39.375,1656.375,1659.375,3
545,545.2,00:27:39.375,00:27:42.375,1659.375,1662.375,3
546,546.1,00:27:42.542,00:27:45.542,1662.542,1665.542,3
547,547.1,00:27:46.708,00:27:49.708,1666.708,1669.708,3
548,548.1,00:27:50.042,00:27:53.042,1670.042,1673.042,3
552,552.1,00:28:01.042,00:28:04.042,1681.042,1684.042,3
552,552.2,00:28:04.042,00:28:07.042,1684.042,1687.042,3
556,556.1,00:28:12.708,00:28:15.708,1692.708,1695.708,3
557,557.1,00:28:16.375,00:28:19.375,1696.375,1699.375,3
560,560.1,00:28:24.542,00:28:27.542,1704.542,1707.542,3
561,561.1,00:28:29.042,00:28:32.042,1709.042,1712.042,3
564,564.1,00:28:34.542,00:28:37.542,1714.542,1717.542,3
565,565.1,00:28:39.542,00:28:42.542,1719.542,1722.542,3
565,565.2,00:28:42.542,00:28:45.542,1722.542,1725.542,3
565,565.3,00:28:45.542,00:28:48.542,1725.542,1728.542,3
565,565.4,00:28:48.542,00:28:51.542,1728.542,1731.542,3
565,565.5,00:28:51.542,00:28:54.542,1731.542,1734.542,3
565,565.6,00:28:54.542,00:28:57.542,1734.542,1737.542,3
566,566.1,00:28:57.708,00:29:00.708,1737.708,1740.708,3
566,566.2,00:29:00.708,00:29:03.708,1740.708,1743.708,3
568,568.1,00:29:06.875,00:29:09.875,1746.875,1749.875,3
568,568.2,00:29:09.875,00:29:12.875,1749.875,1752.875,3
568,568.3,00:29:12.875,00:29:15.875,1752.875,1755.875,3
568,568.4,00:29:15.875,00:29:18.875,1755.875,1758.875,3
569,569.1,00:29:21.375,00:29:24.375,1761.375,1764.375,3
570,570.1,00:29:25.375,00:29:28.375,1765.375,1768.375,3
577,577.1,00:29:41.708,00:29:44.708,1781.708,1784.708,3
579,579.1,00:29:47.375,00:29:50.375,1787.375,1790.375,3
581,581.1,00:29:53.708,00:29:56.708,1793.708,1796.708,3
583,583.1,00:29:58.542,00:30:01.542,1798.542,1801.542,3
583,583.2,00:30:01.542,00:30:04.542,1801.542,1804.542,3
583,583.3,00:30:04.542,00:30:07.542,1804.542,1807.542,3
586,586.1,00:30:12.542,00:30:15.542,1812.542,1815.542,3
587,587.1,00:30:15.708,00:30:18.708,1815.708,1818.708,3
589,589.1,00:30:22.708,00:30:25.708,1822.708,1825.708,3
591,591.1,00:30:29.042,00:30:32.042,1829.042,1832.042,3
591,591.2,00:30:32.042,00:30:35.042,1832.042,1835.042,3
592,592.1,00:30:35.708,00:30:38.708,1835.708,1838.708,3
596,596.1,00:30:45.708,00:30:48.708,1845.708,1848.708,3
599,599.1,00:30:52.375,00:30:55.375,1852.375,1855.375,3
599,599.2,00:30:55.375,00:30:58.375,1855.375,1858.375,3
600,600.1,00:30:59.708,00:31:02.708,1859.708,1862.708,3
600,600.2,00:31:02.708,00:31:05.708,1862.708,1865.708,3
601,601.1,00:31:07.542,00:31:10.542,1867.542,1870.542,3
601,601.2,00:31:10.542,00:31:13.542,1870.542,1873.542,3
601,601.3,00:31:13.542,00:31:16.542,1873.542,1876.542,3
601,601.4,00:31:16.542,00:31:19.542,1876.542,1879.542,3
603,603.1,00:31:24.542,00:31:27.542,1884.542,1887.542,3
608,608.1,00:31:35.375,00:31:38.375,1895.375,1898.375,3
608,608.2,00:31:38.375,00:31:41.375,1898.375,1901.375,3
610,610.1,00:31:43.708,00:31:46.708,1903.708,1906.708,3
612,612.1,00:31:49.375,00:31:52.375,1909.375,1912.375,3
617,617.1,00:32:00.375,00:32:03.375,1920.375,1923.375,3
619,619.1,00:32:06.208,00:32:09.208,1926.208,1929.208,3
621,621.1,00:32:11.875,00:32:14.875,1931.875,1934.875,3
622,622.1,00:32:15.542,00:32:18.542,1935.542,1938.542,3
624,624.1,00:32:20.208,00:32:23.208,1940.208,1943.208,3
625,625.1,00:32:23.375,00:32:26.375,1943.375,1946.375,3
626,626.1,00:32:27.708,00:32:30.708,1947.708,1950.708,3
626,626.2,00:32:30.708,00:32:33.708,1950.708,1953.708,3
628,628.1,00:32:35.208,00:32:38.208,1955.208,1958.208,3
635,635.1,00:32:46.208,00:32:49.208,1966.208,1969.208,3
639,639.1,00:32:57.208,00:33:00.208,1977.208,1980.208,3
654,654.1,00:33:21.708,00:33:24.708,2001.708,2004.708,3
654,654.2,00:33:24.708,00:33:27.708,2004.708,2007.708,3
654,654.3,00:33:27.708,00:33:30.708,2007.708,2010.708,3
654,654.4,00:33:30.708,00:33:33.708,2010.708,2013.708,3
658,658.1,00:33:38.042,00:33:41.042,2018.042,2021.042,3
659,659.1,00:33:42.042,00:33:45.042,2022.042,2025.042,3
659,659.2,00:33:45.042,00:33:48.042,2025.042,2028.042,3
661,661.1,00:33:50.875,00:33:53.875,2030.875,2033.875,3
667,667.1,00:34:03.375,00:34:06.375,2043.375,2046.375,3
670,670.1,00:34:12.042,00:34:15.042,2052.042,2055.042,3
672,672.1,00:34:20.042,00:34:23.042,2060.042,2063.042,3
677,677.1,00:34:31.542,00:34:34.542,2071.542,2074.542,3
679,679.1,00:34:37.708,00:34:40.708,2077.708,2080.708,3
681,681.1,00:34:41.542,00:34:44.542,2081.542,2084.542,3
683,683.1,00:34:45.708,00:34:48.708,2085.708,2088.708,3
684,684.1,00:34:51.208,00:34:54.208,2091.208,2094.208,3
684,684.2,00:34:54.208,00:34:57.208,2094.208,2097.208,3
684,684.3,00:34:57.208,00:35:00.208,2097.208,2100.208,3
685,685.1,00:35:00.708,00:35:03.708,2100.708,2103.708,3
689,689.1,00:35:08.708,00:35:11.708,2108.708,2111.708,3
690,690.1,00:35:13.708,00:35:16.708,2113.708,2116.708,3
691,691.1,00:35:16.708,00:35:19.708,2116.708,2119.708,3
691,691.2,00:35:19.708,00:35:22.708,2119.708,2122.708,3
691,691.3,00:35:22.708,00:35:25.708,2122.708,2125.708,3
691,691.4,00:35:25.708,00:35:28.708,2125.708,2128.708,3
691,691.5,00:35:28.708,00:35:31.708,2128.708,2131.708,3
691,691.6,00:35:31.708,00:35:34.708,2131.708,2134.708,3
691,691.7,00:35:34.708,00:35:37.708,2134.708,2137.708,3
691,691.8,00:35:37.708,00:35:40.708,2137.708,2140.708,3
693,693.1,00:35:45.708,00:35:48.708,2145.708,2148.708,3
694,694.1,00:35:49.208,00:35:52.208,2149.208,2152.208,3
697,697.1,00:35:58.208,00:36:01.208,2158.208,2161.208,3
702,702.1,00:36:08.875,00:36:11.875,2168.875,2171.875,3
703,703.1,00:36:13.542,00:36:16.542,2173.542,2176.542,3
704,704.1,00:36:17.875,00:36:20.875,2177.875,2180.875,3
705,705.1,00:36:23.042,00:36:26.042,2183.042,2186.042,3
707,707.1,00:36:28.708,00:36:31.708,2188.708,2191.708,3
708,708.1,00:36:32.208,00:36:35.208,2192.208,2195.208,3
711,711.1,00:36:39.208,00:36:42.208,2199.208,2202.208,3
715,715.1,00:36:48.042,00:36:51.042,2208.042,2211.042,3
716,716.1,00:36:51.208,00:36:54.208,2211.208,2214.208,3
716,716.2,00:36:54.208,00:36:57.208,2214.208,2217.208,3
717,717.1,00:36:57.542,00:37:00.542,2217.542,2220.542,3
720,720.1,00:37:04.208,00:37:07.208,2224.208,2227.208,3
722,722.1,00:37:08.875,00:37:11.875,2228.875,2231.875,3
727,727.1,00:37:19.708,00:37:22.708,2239.708,2242.708,3
734,734.1,00:37:32.375,00:37:35.375,2252.375,2255.375,3
735,735.1,00:37:36.375,00:37:39.375,2256.375,2259.375,3
744,744.1,00:37:54.042,00:37:57.042,2274.042,2277.042,3
744,744.2,00:37:57.042,00:38:00.042,2277.042,2280.042,3
752,752.1,00:38:11.375,00:38:14.375,2291.375,2294.375,3
754,754.1,00:38:17.208,00:38:20.208,2297.208,2300.208,3
754,754.2,00:38:20.208,00:38:23.208,2300.208,2303.208,3
754,754.3,00:38:23.208,00:38:26.208,2303.208,2306.208,3
757,757.1,00:38:30.208,00:38:33.208,2310.208,2313.208,3
758,758.1,00:38:35.542,00:38:38.542,2315.542,2318.542,3
759,759.1,00:38:39.542,00:38:42.542,2319.542,2322.542,3
766,766.1,00:38:53.208,00:38:56.208,2333.208,2336.208,3
767,767.1,00:38:56.875,00:38:59.875,2336.875,2339.875,3
768,768.1,00:39:00.375,00:39:03.375,2340.375,2343.375,3
769,769.1,00:39:04.875,00:39:07.875,2344.875,2347.875,3
770,770.1,00:39:09.042,00:39:12.042,2349.042,2352.042,3
770,770.2,00:39:12.042,00:39:15.042,2352.042,2355.042,3
770,770.3,00:39:15.042,00:39:18.042,2355.042,2358.042,3
770,770.4,00:39:18.042,00:39:21.042,2358.042,2361.042,3
770,770.5,00:39:21.042,00:39:24.042,2361.042,2364.042,3
771,771.1,00:39:26.042,00:39:29.042,2366.042,2369.042,3
771,771.2,00:39:29.042,00:39:32.042,2369.042,2372.042,3
778,778.1,00:39:41.875,00:39:44.875,2381.875,2384.875,3
778,778.2,00:39:44.875,00:39:47.875,2384.875,2387.875,3
785,785.1,00:39:57.208,00:40:00.208,2397.208,2400.208,3
822,822.1,00:40:54.542,00:40:57.542,2454.542,2457.542,3
823,823.1,00:40:57.708,00:41:00.708,2457.708,2460.708,3
826,826.1,00:41:08.375,00:41:11.375,2468.375,2471.375,3
832,832.1,00:41:19.208,00:41:22.208,2479.208,2482.208,3
850,850.1,00:41:59.375,00:42:02.375,2519.375,2522.375,3
856,856.1,00:42:10.208,00:42:13.208,2530.208,2533.208,3
860,860.1,00:42:17.042,00:42:20.042,2537.042,2540.042,3
863,863.1,00:42:24.042,00:42:27.042,2544.042,2547.042,3
866,866.1,00:42:31.375,00:42:34.375,2551.375,2554.375,3
866,866.2,00:42:34.375,00:42:37.375,2554.375,2557.375,3
868,868.1,00:42:39.542,00:42:42.542,2559.542,2562.542,3
872,872.1,00:42:46.042,00:42:49.042,2566.042,2569.042,3
874,874.1,00:42:50.208,00:42:53.208,2570.208,2573.208,3
886,886.1,00:43:11.375,00:43:14.375,2591.375,2594.375,3
889,889.1,00:43:17.875,00:43:20.875,2597.875,2600.875,3
891,891.1,00:43:23.875,00:43:26.875,2603.875,2606.875,3
894,894.1,00:43:32.708,00:43:35.708,2612.708,2615.708,3
899,899.1,00:43:43.708,00:43:46.708,2623.708,2626.708,3
900,900.1,00:43:47.042,00:43:50.042,2627.042,2630.042,3
901,901.1,00:43:50.875,00:43:53.875,2630.875,2633.875,3
902,902.1,00:43:54.375,00:43:57.375,2634.375,2637.375,3
911,911.1,00:44:12.375,00:44:15.375,2652.375,2655.375,3
923,923.1,00:44:33.875,00:44:36.875,2673.875,2676.875,3
928,928.1,00:44:43.542,00:44:46.542,2683.542,2686.542,3
929,929.1,00:44:49.042,00:44:52.042,2689.042,2692.042,3
938,938.1,00:45:02.042,00:45:05.042,2702.042,2705.042,3
938,938.2,00:45:05.042,00:45:08.042,2705.042,2708.042,3
944,944.1,00:45:19.708,00:45:22.708,2719.708,2722.708,3
944,944.2,00:45:22.708,00:45:25.708,2722.708,2725.708,3
950,950.1,00:45:36.042,00:45:39.042,2736.042,2739.042,3
957,957.1,00:45:51.875,00:45:54.875,2751.875,2754.875,3
963,963.1,00:46:05.542,00:46:08.542,2765.542,2768.542,3
971,971.1,00:46:24.708,00:46:27.708,2784.708,2787.708,3
975,975.1,00:46:34.208,00:46:37.208,2794.208,2797.208,3
978,978.1,00:46:41.042,00:46:44.042,2801.042,2804.042,3
984,984.1,00:46:52.875,00:46:55.875,2812.875,2815.875,3
985,985.1,00:46:57.208,00:47:00.208,2817.208,2820.208,3
990,990.1,00:47:10.042,00:47:13.042,2830.042,2833.042,3
992,992.1,00:47:14.875,00:47:17.875,2834.875,2837.875,3
998,998.1,00:47:27.042,00:47:30.042,2847.042,2850.042,3
1000,1000.1,00:47:34.708,00:47:37.708,2854.708,2857.708,3
1005,1005.1,00:47:44.375,00:47:47.375,2864.375,2867.375,3
1014,1014.1,00:48:08.042,00:48:11.042,2888.042,2891.042,3
1021,1021.1,00:48:20.542,00:48:23.542,2900.542,2903.542,3
1024,1024.1,00:48:29.042,00:48:32.042,2909.042,2912.042,3
1025,1025.1,00:48:33.875,00:48:36.875,2913.875,2916.875,3
1028,1028.1,00:48:41.708,00:48:44.708,2921.708,2924.708,3
1030,1030.1,00:48:47.542,00:48:50.542,2927.542,2930.542,3
1030,1030.2,00:48:50.542,00:48:53.542,2930.542,2933.542,3
1030,1030.3,00:48:53.542,00:48:56.542,2933.542,2936.542,3
1030,1030.4,00:48:56.542,00:48:59.542,2936.542,2939.542,3
1033,1033.1,00:49:04.042,00:49:07.042,2944.042,2947.042,3
1037,1037.1,00:49:14.708,00:49:17.708,2954.708,2957.708,3
1040,1040.1,00:49:22.542,00:49:25.542,2962.542,2965.542,3
1041,1041.1,00:49:28.208,00:49:31.208,2968.208,2971.208,3
1043,1043.1,00:49:34.208,00:49:37.208,2974.208,2977.208,3
1043,1043.2,00:49:37.208,00:49:40.208,2977.208,2980.208,3
1043,1043.3,00:49:40.208,00:49:43.208,2980.208,2983.208,3
1043,1043.4,00:49:43.208,00:49:46.208,2983.208,2986.208,3
1043,1043.5,00:49:46.208,00:49:49.208,2986.208,2989.208,3
1043,1043.6,00:49:49.208,00:49:52.208,2989.208,2992.208,3
1043,1043.7,00:49:52.208,00:49:55.208,2992.208,2995.208,3
1053,1053.1,00:50:09.208,00:50:12.208,3009.208,3012.208,3
1053,1053.2,00:50:12.208,00:50:15.208,3012.208,3015.208,3
1053,1053.3,00:50:15.208,00:50:18.208,3015.208,3018.208,3
1068,1068.1,00:50:43.208,00:50:46.208,3043.208,3046.208,3
1077,1077.1,00:50:59.042,00:51:02.042,3059.042,3062.042,3
1080,1080.1,00:51:05.875,00:51:08.875,3065.875,3068.875,3
1082,1082.1,00:51:10.708,00:51:13.708,3070.708,3073.708,3
1088,1088.1,00:51:25.042,00:51:28.042,3085.042,3088.042,3
1090,1090.1,00:51:30.875,00:51:33.875,3090.875,3093.875,3
1093,1093.1,00:51:39.042,00:51:42.042,3099.042,3102.042,3
1100,1100.1,00:51:52.708,00:51:55.708,3112.708,3115.708,3
1103,1103.1,00:51:59.042,00:52:02.042,3119.042,3122.042,3
1119,1119.1,00:52:28.375,00:52:31.375,3148.375,3151.375,3
1132,1132.1,00:52:49.542,00:52:52.542,3169.542,3172.542,3
1139,1139.1,00:53:03.208,00:53:06.208,3183.208,3186.208,3
1140,1140.1,00:53:07.708,00:53:10.708,3187.708,3190.708,3
1140,1140.2,00:53:10.708,00:53:13.708,3190.708,3193.708,3
1143,1143.1,00:53:17.875,00:53:20.875,3197.875,3200.875,3
1144,1144.1,00:53:21.208,00:53:24.208,3201.208,3204.208,3
1148,1148.1,00:53:29.542,00:53:32.542,3209.542,3212.542,3
1148,1148.2,00:53:32.542,00:53:35.542,3212.542,3215.542,3
1148,1148.3,00:53:35.542,00:53:38.542,3215.542,3218.542,3
1148,1148.4,00:53:38.542,00:53:41.542,3218.542,3221.542,3
1149,1149.1,00:53:41.875,00:53:44.875,3221.875,3224.875,3
1149,1149.2,00:53:44.875,00:53:47.875,3224.875,3227.875,3
1164,1164.1,00:54:12.875,00:54:15.875,3252.875,3255.875,3
1165,1165.1,00:54:18.708,00:54:21.708,3258.708,3261.708,3
1168,1168.1,00:54:25.708,00:54:28.708,3265.708,3268.708,3
1172,1172.1,00:54:34.542,00:54:37.542,3274.542,3277.542,3
1176,1176.1,00:54:42.375,00:54:45.375,3282.375,3285.375,3
1177,1177.1,00:54:46.542,00:54:49.542,3286.542,3289.542,3
1177,1177.2,00:54:49.542,00:54:52.542,3289.542,3292.542,3
1181,1181.1,00:54:58.208,00:55:01.208,3298.208,3301.208,3
1188,1188.1,00:55:14.708,00:55:17.708,3314.708,3317.708,3
1188,1188.2,00:55:17.708,00:55:20.708,3317.708,3320.708,3
1188,1188.3,00:55:20.708,00:55:23.708,3320.708,3323.708,3
1189,1189.1,00:55:25.208,00:55:28.208,3325.208,3328.208,3
1189,1189.2,00:55:28.208,00:55:31.208,3328.208,3331.208,3
1190,1190.1,00:55:33.542,00:55:36.542,3333.542,3336.542,3
1191,1191.1,00:55:37.042,00:55:40.042,3337.042,3340.042,3
1192,1192.1,00:55:42.208,00:55:45.208,3342.208,3345.208,3
1192,1192.2,00:55:45.208,00:55:48.208,3345.208,3348.208,3
1193,1193.1,00:55:49.875,00:55:52.875,3349.875,3352.875,3
1194,1194.1,00:55:55.375,00:55:58.375,3355.375,3358.375,3
1196,1196.1,00:56:02.042,00:56:05.042,3362.042,3365.042,3
1197,1197.1,00:56:07.208,00:56:10.208,3367.208,3370.208,3
1200,1200.1,00:56:14.542,00:56:17.542,3374.542,3377.542,3
1200,1200.2,00:56:17.542,00:56:20.542,3377.542,3380.542,3
1201,1201.1,00:56:20.875,00:56:23.875,3380.875,3383.875,3
1202,1202.1,00:56:24.708,00:56:27.708,3384.708,3387.708,3
1202,1202.2,00:56:27.708,00:56:30.708,3387.708,3390.708,3
1205,1205.1,00:56:34.375,00:56:37.375,3394.375,3397.375,3
1205,1205.2,00:56:37.375,00:56:40.375,3397.375,3400.375,3
1207,1207.1,00:56:43.542,00:56:46.542,3403.542,3406.542,3
1211,1211.1,00:56:52.542,00:56:55.542,3412.542,3415.542,3
1212,1212.1,00:56:55.542,00:56:58.542,3415.542,3418.542,3
1213,1213.1,00:56:58.542,00:57:01.542,3418.542,3421.542,3
1213,1213.2,00:57:01.542,00:57:04.542,3421.542,3424.542,3
1213,1213.3,00:57:04.542,00:57:07.542,3424.542,3427.542,3
1213,1213.4,00:57:07.542,00:57:10.542,3427.542,3430.542,3
1214,1214.1,00:57:12.875,00:57:15.875,3432.875,3435.875,3
1215,1215.1,00:57:15.875,00:57:18.875,3435.875,3438.875,3
1215,1215.2,00:57:18.875,00:57:21.875,3438.875,3441.875,3
1215,1215.3,00:57:21.875,00:57:24.875,3441.875,3444.875,3
1215,1215.4,00:57:24.875,00:57:27.875,3444.875,3447.875,3
1216,1216.1,00:57:28.208,00:57:31.208,3448.208,3451.208,3
1216,1216.2,00:57:31.208,00:57:34.208,3451.208,3454.208,3
1216,1216.3,00:57:34.208,00:57:37.208,3454.208,3457.208,3
1216,1216.4,00:57:37.208,00:57:40.208,3457.208,3460.208,3
1219,1219.1,00:57:45.208,00:57:48.208,3465.208,3468.208,3
1219,1219.2,00:57:48.208,00:57:51.208,3468.208,3471.208,3
1220,1220.1,00:57:51.542,00:57:54.542,3471.542,3474.542,3
1220,1220.2,00:57:54.542,00:57:57.542,3474.542,3477.542,3
1220,1220.3,00:57:57.542,00:58:00.542,3477.542,3480.542,3
1220,1220.4,00:58:00.542,00:58:03.542,3480.542,3483.542,3
1220,1220.5,00:58:03.542,00:58:06.542,3483.542,3486.542,3
1221,1221.1,00:58:07.708,00:58:10.708,3487.708,3490.708,3
1221,1221.2,00:58:10.708,00:58:13.708,3490.708,3493.708,3
1225,1225.1,00:58:20.708,00:58:23.708,3500.708,3503.708,3
1225,1225.2,00:58:23.708,00:58:26.708,3503.708,3506.708,3
1227,1227.1,00:58:28.708,00:58:31.708,3508.708,3511.708,3
1233,1233.1,00:58:42.875,00:58:45.875,3522.875,3525.875,3
1234,1234.1,00:58:47.042,00:58:50.042,3527.042,3530.042,3
1234,1234.2,00:58:50.042,00:58:53.042,3530.042,3533.042,3
1236,1236.1,00:58:55.375,00:58:58.375,3535.375,3538.375,3
1236,1236.2,00:58:58.375,00:59:01.375,3538.375,3541.375,3
1238,1238.1,00:59:05.875,00:59:08.875,3545.875,3548.875,3
1239,1239.1,00:59:10.208,00:59:13.208,3550.208,3553.208,3
1240,1240.1,00:59:15.208,00:59:18.208,3555.208,3558.208,3
1240,1240.2,00:59:18.208,00:59:21.208,3558.208,3561.208,3
1241,1241.1,00:59:21.208,00:59:24.208,3561.208,3564.208,3
1242,1242.1,00:59:26.208,00:59:29.208,3566.208,3569.208,3
1247,1247.1,00:59:39.542,00:59:42.542,3579.542,3582.542,3
1248,1248.1,00:59:44.208,00:59:47.208,3584.208,3587.208,3
1249,1249.1,00:59:48.708,00:59:51.708,3588.708,3591.708,3
1249,1249.2,00:59:51.708,00:59:54.708,3591.708,3594.708,3
1251,1251.1,00:59:57.542,01:00:00.542,3597.542,3600.542,3
1251,1251.2,01:00:00.542,01:00:03.542,3600.542,3603.542,3
1256,1256.1,01:00:12.042,01:00:15.042,3612.042,3615.042,3
1257,1257.1,01:00:16.375,01:00:19.375,3616.375,3619.375,3
1258,1258.1,01:00:19.875,01:00:22.875,3619.875,3622.875,3
1258,1258.2,01:00:22.875,01:00:25.875,3622.875,3625.875,3
1259,1259.1,01:00:26.042,01:00:29.042,3626.042,3629.042,3
1261,1261.1,01:00:34.042,01:00:37.042,3634.042,3637.042,3
1264,1264.1,01:00:42.042,01:00:45.042,3642.042,3645.042,3
1265,1265.1,01:00:45.542,01:00:48.542,3645.542,3648.542,3
1267,1267.1,01:00:50.375,01:00:53.375,3650.375,3653.375,3
1268,1268.1,01:00:55.708,01:00:58.708,3655.708,3658.708,3
1271,1271.1,01:01:02.542,01:01:05.542,3662.542,3665.542,3
1273,1273.1,01:01:08.875,01:01:11.875,3668.875,3671.875,3
1277,1277.1,01:01:18.875,01:01:21.875,3678.875,3681.875,3
1282,1282.1,01:01:25.375,01:01:28.375,3685.375,3688.375,3
1283,1283.1,01:01:28.542,01:01:31.542,3688.542,3691.542,3
1283,1283.2,01:01:31.542,01:01:34.542,3691.542,3694.542,3
1285,1285.1,01:01:37.875,01:01:40.875,3697.875,3700.875,3
1289,1289.1,01:01:45.042,01:01:48.042,3705.042,3708.042,3
1289,1289.2,01:01:48.042,01:01:51.042,3708.042,3711.042,3
1289,1289.3,01:01:51.042,01:01:54.042,3711.042,3714.042,3
1291,1291.1,01:01:56.375,01:01:59.375,3716.375,3719.375,3
1293,1293.1,01:02:02.208,01:02:05.208,3722.208,3725.208,3
1293,1293.2,01:02:05.208,01:02:08.208,3725.208,3728.208,3
1293,1293.3,01:02:08.208,01:02:11.208,3728.208,3731.208,3
1294,1294.1,01:02:11.208,01:02:14.208,3731.208,3734.208,3
1295,1295.1,01:02:14.375,01:02:17.375,3734.375,3737.375,3
1296,1296.1,01:02:20.042,01:02:23.042,3740.042,3743.042,3
1296,1296.2,01:02:23.042,01:02:26.042,3743.042,3746.042,3
1305,1305.1,01:02:41.042,01:02:44.042,3761.042,3764.042,3
1305,1305.2,01:02:44.042,01:02:47.042,3764.042,3767.042,3
1306,1306.1,01:02:47.542,01:02:50.542,3767.542,3770.542,3
1314,1314.1,01:03:02.542,01:03:05.542,3782.542,3785.542,3
1318,1318.1,01:03:11.875,01:03:14.875,3791.875,3794.875,3
1320,1320.1,01:03:18.708,01:03:21.708,3798.708,3801.708,3
1322,1322.1,01:03:25.875,01:03:28.875,3805.875,3808.875,3
1324,1324.1,01:03:31.042,01:03:34.042,3811.042,3814.042,3
1324,1324.2,01:03:34.042,01:03:37.042,3814.042,3817.042,3
1326,1326.1,01:03:40.875,01:03:43.875,3820.875,3823.875,3
1327,1327.1,01:03:44.042,01:03:47.042,3824.042,3827.042,3
1328,1328.1,01:03:47.042,01:03:50.042,3827.042,3830.042,3
1330,1330.1,01:03:51.875,01:03:54.875,3831.875,3834.875,3
1330,1330.2,01:03:54.875,01:03:57.875,3834.875,3837.875,3
1330,1330.3,01:03:57.875,01:04:00.875,3837.875,3840.875,3
1333,1333.1,01:04:04.542,01:04:07.542,3844.542,3847.542,3
1340,1340.1,01:04:18.208,01:04:21.208,3858.208,3861.208,3
1340,1340.2,01:04:21.208,01:04:24.208,3861.208,3864.208,3
1340,1340.3,01:04:24.208,01:04:27.208,3864.208,3867.208,3
1341,1341.1,01:04:28.042,01:04:31.042,3868.042,3871.042,3
1345,1345.1,01:04:39.208,01:04:42.208,3879.208,3882.208,3
1345,1345.2,01:04:42.208,01:04:45.208,3882.208,3885.208,3
1348,1348.1,01:04:50.375,01:04:53.375,3890.375,3893.375,3
1348,1348.2,01:04:53.375,01:04:56.375,3893.375,3896.375,3
1348,1348.3,01:04:56.375,01:04:59.375,3896.375,3899.375,3
1353,1353.1,01:05:06.375,01:05:09.375,3906.375,3909.375,3
1354,1354.1,01:05:11.042,01:05:14.042,3911.042,3914.042,3
1354,1354.2,01:05:14.042,01:05:17.042,3914.042,3917.042,3
1354,1354.3,01:05:17.042,01:05:20.042,3917.042,3920.042,3
1359,1359.1,01:05:28.708,01:05:31.708,3928.708,3931.708,3
1360,1360.1,01:05:32.708,01:05:35.708,3932.708,3935.708,3
1366,1366.1,01:05:45.542,01:05:48.542,3945.542,3948.542,3
1369,1369.1,01:05:50.875,01:05:53.875,3950.875,3953.875,3
1370,1370.1,01:05:53.875,01:05:56.875,3953.875,3956.875,3
1372,1372.1,01:06:00.375,01:06:03.375,3960.375,3963.375,3
1375,1375.1,01:06:06.542,01:06:09.542,3966.542,3969.542,3
1376,1376.1,01:06:09.542,01:06:12.542,3969.542,3972.542,3
1376,1376.2,01:06:12.542,01:06:15.542,3972.542,3975.542,3
1378,1378.1,01:06:18.542,01:06:21.542,3978.542,3981.542,3
1385,1385.1,01:06:30.375,01:06:33.375,3990.375,3993.375,3
1388,1388.1,01:06:38.708,01:06:41.708,3998.708,4001.708,3
1390,1390.1,01:06:43.708,01:06:46.708,4003.708,4006.708,3
1392,1392.1,01:06:49.375,01:06:52.375,4009.375,4012.375,3
1392,1392.2,01:06:52.375,01:06:55.375,4012.375,4015.375,3
1392,1392.3,01:06:55.375,01:06:58.375,4015.375,4018.375,3
1392,1392.4,01:06:58.375,01:07:01.375,4018.375,4021.375,3
1396,1396.1,01:07:09.042,01:07:12.042,4029.042,4032.042,3
1397,1397.1,01:07:13.542,01:07:16.542,4033.542,4036.542,3
1400,1400.1,01:07:22.375,01:07:25.375,4042.375,4045.375,3
1406,1406.1,01:07:36.708,01:07:39.708,4056.708,4059.708,3
1418,1418.1,01:07:54.542,01:07:57.542,4074.542,4077.542,3
1419,1419.1,01:07:57.708,01:08:00.708,4077.708,4080.708,3
1419,1419.2,01:08:00.708,01:08:03.708,4080.708,4083.708,3
1421,1421.1,01:08:05.042,01:08:08.042,4085.042,4088.042,3
1423,1423.1,01:08:10.375,01:08:13.375,4090.375,4093.375,3
1424,1424.1,01:08:14.042,01:08:17.042,4094.042,4097.042,3
1426,1426.1,01:08:18.375,01:08:21.375,4098.375,4101.375,3
1431,1431.1,01:08:31.542,01:08:34.542,4111.542,4114.542,3
1431,1431.2,01:08:34.542,01:08:37.542,4114.542,4117.542,3
1431,1431.3,01:08:37.542,01:08:40.542,4117.542,4120.542,3
1431,1431.4,01:08:40.542,01:08:43.542,4120.542,4123.542,3
1431,1431.5,01:08:43.542,01:08:46.542,4123.542,4126.542,3
1431,1431.6,01:08:46.542,01:08:49.542,4126.542,4129.542,3
1432,1432.1,01:08:51.542,01:08:54.542,4131.542,4134.542,3
1432,1432.2,01:08:54.542,01:08:57.542,4134.542,4137.542,3
1432,1432.3,01:08:57.542,01:09:00.542,4137.542,4140.542,3
1434,1434.1,01:09:02.708,01:09:05.708,4142.708,4145.708,3
1438,1438.1,01:09:11.375,01:09:14.375,4151.375,4154.375,3
1440,1440.1,01:09:19.542,01:09:22.542,4159.542,4162.542,3
1441,1441.1,01:09:22.875,01:09:25.875,4162.875,4165.875,3
1441,1441.2,01:09:25.875,01:09:28.875,4165.875,4168.875,3
1441,1441.3,01:09:28.875,01:09:31.875,4168.875,4171.875,3
1441,1441.4,01:09:31.875,01:09:34.875,4171.875,4174.875,3
1442,1442.1,01:09:35.375,01:09:38.375,4175.375,4178.375,3
1442,1442.2,01:09:38.375,01:09:41.375,4178.375,4181.375,3
1442,1442.3,01:09:41.375,01:09:44.375,4181.375,4184.375,3
1443,1443.1,01:09:47.042,01:09:50.042,4187.042,4190.042,3
1444,1444.1,01:09:50.708,01:09:53.708,4190.708,4193.708,3
1444,1444.2,01:09:53.708,01:09:56.708,4193.708,4196.708,3
1445,1445.1,01:09:58.542,01:10:01.542,4198.542,4201.542,3
1446,1446.1,01:10:02.875,01:10:05.875,4202.875,4205.875,3
1446,1446.2,01:10:05.875,01:10:08.875,4205.875,4208.875,3
1446,1446.3,01:10:08.875,01:10:11.875,4208.875,4211.875,3
1447,1447.1,01:10:12.708,01:10:15.708,4212.708,4215.708,3
1450,1450.1,01:10:19.875,01:10:22.875,4219.875,4222.875,3
1451,1451.1,01:10:23.375,01:10:26.375,4223.375,4226.375,3
1452,1452.1,01:10:28.708,01:10:31.708,4228.708,4231.708,3
1464,1464.1,01:10:48.208,01:10:51.208,4248.208,4251.208,3
1466,1466.1,01:10:53.875,01:10:56.875,4253.875,4256.875,3
1469,1469.1,01:11:01.708,01:11:04.708,4261.708,4264.708,3
1470,1470.1,01:11:05.542,01:11:08.542,4265.542,4268.542,3
1472,1472.1,01:11:11.208,01:11:14.208,4271.208,4274.208,3
1476,1476.1,01:11:22.042,01:11:25.042,4282.042,4285.042,3
1477,1477.1,01:11:25.042,01:11:28.042,4285.042,4288.042,3
1478,1478.1,01:11:28.208,01:11:31.208,4288.208,4291.208,3
1479,1479.1,01:11:34.042,01:11:37.042,4294.042,4297.042,3
1482,1482.1,01:11:41.875,01:11:44.875,4301.875,4304.875,3
1483,1483.1,01:11:46.708,01:11:49.708,4306.708,4309.708,3
1484,1484.1,01:11:52.375,01:11:55.375,4312.375,4315.375,3
1485,1485.1,01:11:56.708,01:11:59.708,4316.708,4319.708,3
1488,1488.1,01:12:04.542,01:12:07.542,4324.542,4327.542,3
1489,1489.1,01:12:10.208,01:12:13.208,4330.208,4333.208,3
1489,1489.2,01:12:13.208,01:12:16.208,4333.208,4336.208,3
1491,1491.1,01:12:20.042,01:12:23.042,4340.042,4343.042,3
1492,1492.1,01:12:23.542,01:12:26.542,4343.542,4346.542,3
1493,1493.1,01:12:28.875,01:12:31.875,4348.875,4351.875,3
1494,1494.1,01:12:32.542,01:12:35.542,4352.542,4355.542,3
1503,1503.1,01:12:47.875,01:12:50.875,4367.875,4370.875,3
1503,1503.2,01:12:50.875,01:12:53.875,4370.875,4373.875,3
1503,1503.3,01:12:53.875,01:12:56.875,4373.875,4376.875,3
1503,1503.4,01:12:56.875,01:12:59.875,4376.875,4379.875,3
1505,1505.1,01:13:03.375,01:13:06.375,4383.375,4386.375,3
1505,1505.2,01:13:06.375,01:13:09.375,4386.375,4389.375,3
1515,1515.1,01:13:27.708,01:13:30.708,4407.708,4410.708,3
1517,1517.1,01:13:33.875,01:13:36.875,4413.875,4416.875,3
1518,1518.1,01:13:37.042,01:13:40.042,4417.042,4420.042,3
1519,1519.1,01:13:41.042,01:13:44.042,4421.042,4424.042,3
1520,1520.1,01:13:45.042,01:13:48.042,4425.042,4428.042,3
1521,1521.1,01:13:49.375,01:13:52.375,4429.375,4432.375,3
1521,1521.2,01:13:52.375,01:13:55.375,4432.375,4435.375,3
1527,1527.1,01:14:04.375,01:14:07.375,4444.375,4447.375,3
1527,1527.2,01:14:07.375,01:14:10.375,4447.375,4450.375,3
1527,1527.3,01:14:10.375,01:14:13.375,4450.375,4453.375,3
1528,1528.1,01:14:16.208,01:14:19.208,4456.208,4459.208,3
1528,1528.2,01:14:19.208,01:14:22.208,4459.208,4462.208,3
1529,1529.1,01:14:22.208,01:14:25.208,4462.208,4465.208,3
1531,1531.1,01:14:29.042,01:14:32.042,4469.042,4472.042,3
1532,1532.1,01:14:32.708,01:14:35.708,4472.708,4475.708,3
1533,1533.1,01:14:36.875,01:14:39.875,4476.875,4479.875,3
1534,1534.1,01:14:40.542,01:14:43.542,4480.542,4483.542,3
1543,1543.1,01:15:01.375,01:15:04.375,4501.375,4504.375,3
1544,1544.1,01:15:04.375,01:15:07.375,4504.375,4507.375,3
1550,1550.1,01:15:14.208,01:15:17.208,4514.208,4517.208,3
1552,1552.1,01:15:21.042,01:15:24.042,4521.042,4524.042,3
1552,1552.2,01:15:24.042,01:15:27.042,4524.042,4527.042,3
1560,1560.1,01:15:40.875,01:15:43.875,4540.875,4543.875,3
1561,1561.1,01:15:43.875,01:15:46.875,4543.875,4546.875,3
1563,1563.1,01:15:49.208,01:15:52.208,4549.208,4552.208,3
1565,1565.1,01:15:55.042,01:15:58.042,4555.042,4558.042,3
1565,1565.2,01:15:58.042,01:16:01.042,4558.042,4561.042,3
1566,1566.1,01:16:01.042,01:16:04.042,4561.042,4564.042,3
1566,1566.2,01:16:04.042,01:16:07.042,4564.042,4567.042,3
1567,1567.1,01:16:07.208,01:16:10.208,4567.208,4570.208,3
1567,1567.2,01:16:10.208,01:16:13.208,4570.208,4573.208,3
1569,1569.1,01:16:16.208,01:16:19.208,4576.208,4579.208,3
1571,1571.1,01:16:23.208,01:16:26.208,4583.208,4586.208,3
1573,1573.1,01:16:28.542,01:16:31.542,4588.542,4591.542,3
1573,1573.2,01:16:31.542,01:16:34.542,4591.542,4594.542,3
1573,1573.3,01:16:34.542,01:16:37.542,4594.542,4597.542,3
1574,1574.1,01:16:39.042,01:16:42.042,4599.042,4602.042,3
1575,1575.1,01:16:44.042,01:16:47.042,4604.042,4607.042,3
1575,1575.2,01:16:47.042,01:16:50.042,4607.042,4610.042,3
1577,1577.1,01:16:52.208,01:16:55.208,4612.208,4615.208,3
1579,1579.1,01:16:57.875,01:17:00.875,4617.875,4620.875,3
1579,1579.2,01:17:00.875,01:17:03.875,4620.875,4623.875,3
1588,1588.1,01:17:19.542,01:17:22.542,4639.542,4642.542,3
1594,1594.1,01:17:31.708,01:17:34.708,4651.708,4654.708,3
1599,1599.1,01:17:42.875,01:17:45.875,4662.875,4665.875,3
1602,1602.1,01:17:49.708,01:17:52.708,4669.708,4672.708,3
1606,1606.1,01:17:59.542,01:18:02.542,4679.542,4682.542,3
1608,1608.1,01:18:05.875,01:18:08.875,4685.875,4688.875,3
1611,1611.1,01:18:11.875,01:18:14.875,4691.875,4694.875,3
1611,1611.2,01:18:14.875,01:18:17.875,4694.875,4697.875,3
1614,1614.1,01:18:22.375,01:18:25.375,4702.375,4705.375,3
1616,1616.1,01:18:27.375,01:18:30.375,4707.375,4710.375,3
1620,1620.1,01:18:36.208,01:18:39.208,4716.208,4719.208,3
1620,1620.2,01:18:39.208,01:18:42.208,4719.208,4722.208,3
1620,1620.3,01:18:42.208,01:18:45.208,4722.208,4725.208,3
1627,1627.1,01:18:57.375,01:19:00.375,4737.375,4740.375,3
1631,1631.1,01:19:03.875,01:19:06.875,4743.875,4746.875,3
1633,1633.1,01:19:08.208,01:19:11.208,4748.208,4751.208,3
1638,1638.1,01:19:18.042,01:19:21.042,4758.042,4761.042,3
1642,1642.1,01:19:26.208,01:19:29.208,4766.208,4769.208,3
1643,1643.1,01:19:30.542,01:19:33.542,4770.542,4773.542,3
1645,1645.1,01:19:37.208,01:19:40.208,4777.208,4780.208,3
1654,1654.1,01:19:52.208,01:19:55.208,4792.208,4795.208,3
1656,1656.1,01:19:57.208,01:20:00.208,4797.208,4800.208,3
1664,1664.1,01:20:09.875,01:20:12.875,4809.875,4812.875,3
1664,1664.2,01:20:12.875,01:20:15.875,4812.875,4815.875,3
1664,1664.3,01:20:15.875,01:20:18.875,4815.875,4818.875,3
1665,1665.1,01:20:19.208,01:20:22.208,4819.208,4822.208,3
1666,1666.1,01:20:23.042,01:20:26.042,4823.042,4826.042,3
1672,1672.1,01:20:32.208,01:20:35.208,4832.208,4835.208,3
1672,1672.2,01:20:35.208,01:20:38.208,4835.208,4838.208,3
1675,1675.1,01:20:41.875,01:20:44.875,4841.875,4844.875,3
1675,1675.2,01:20:44.875,01:20:47.875,4844.875,4847.875,3
1678,1678.1,01:20:50.542,01:20:53.542,4850.542,4853.542,3
1680,1680.1,01:20:55.708,01:20:58.708,4855.708,4858.708,3
1680,1680.2,01:20:58.708,01:21:01.708,4858.708,4861.708,3
1683,1683.1,01:21:06.542,01:21:09.542,4866.542,4869.542,3
1691,1691.1,01:21:22.208,01:21:25.208,4882.208,4885.208,3
1691,1691.2,01:21:25.208,01:21:28.208,4885.208,4888.208,3
1691,1691.3,01:21:28.208,01:21:31.208,4888.208,4891.208,3
1691,1691.4,01:21:31.208,01:21:34.208,4891.208,4894.208,3
1691,1691.5,01:21:34.208,01:21:37.208,4894.208,4897.208,3
1693,1693.1,01:21:39.708,01:21:42.708,4899.708,4902.708,3
1693,1693.2,01:21:42.708,01:21:45.708,4902.708,4905.708,3
1696,1696.1,01:21:53.042,01:21:56.042,4913.042,4916.042,3
1698,1698.1,01:21:58.208,01:22:01.208,4918.208,4921.208,3
1700,1700.1,01:22:05.208,01:22:08.208,4925.208,4928.208,3
1702,1702.1,01:22:11.208,01:22:14.208,4931.208,4934.208,3
1704,1704.1,01:22:16.875,01:22:19.875,4936.875,4939.875,3
1707,1707.1,01:22:25.375,01:22:28.375,4945.375,4948.375,3
1709,1709.1,01:22:30.542,01:22:33.542,4950.542,4953.542,3
1710,1710.1,01:22:35.708,01:22:38.708,4955.708,4958.708,3
1710,1710.2,01:22:38.708,01:22:41.708,4958.708,4961.708,3
1710,1710.3,01:22:41.708,01:22:44.708,4961.708,4964.708,3
1715,1715.1,01:22:54.708,01:22:57.708,4974.708,4977.708,3
1718,1718.1,01:23:03.375,01:23:06.375,4983.375,4986.375,3
1718,1718.2,01:23:06.375,01:23:09.375,4986.375,4989.375,3
1720,1720.1,01:23:13.542,01:23:16.542,4993.542,4996.542,3
1721,1721.1,01:23:19.042,01:23:22.042,4999.042,5002.042,3
1721,1721.2,01:23:22.042,01:23:25.042,5002.042,5005.042,3
1721,1721.3,01:23:25.042,01:23:28.042,5005.042,5008.042,3
1722,1722.1,01:23:29.208,01:23:32.208,5009.208,5012.208,3
1722,1722.2,01:23:32.208,01:23:35.208,5012.208,5015.208,3
1723,1723.1,01:23:35.208,01:23:38.208,5015.208,5018.208,3
1723,1723.2,01:23:38.208,01:23:41.208,5018.208,5021.208,3
1723,1723.3,01:23:41.208,01:23:44.208,5021.208,5024.208,3
1723,1723.4,01:23:44.208,01:23:47.208,5024.208,5027.208,3
1723,1723.5,01:23:47.208,01:23:50.208,5027.208,5030.208,3
1723,1723.6,01:23:50.208,01:23:53.208,5030.208,5033.208,3
1723,1723.7,01:23:53.208,01:23:56.208,5033.208,5036.208,3
1723,1723.8,01:23:56.208,01:23:59.208,5036.208,5039.208,3
1727,1727.1,01:24:07.375,01:24:10.375,5047.375,5050.375,3
1727,1727.2,01:24:10.375,01:24:13.375,5050.375,5053.375,3
1727,1727.3,01:24:13.375,01:24:16.375,5053.375,5056.375,3
1728,1728.1,01:24:17.208,01:24:20.208,5057.208,5060.208,3
1731,1731.1,01:24:25.208,01:24:28.208,5065.208,5068.208,3
1731,1731.2,01:24:28.208,01:24:31.208,5068.208,5071.208,3
1733,1733.1,01:24:33.542,01:24:36.542,5073.542,5076.542,3
1735,1735.1,01:24:38.375,01:24:41.375,5078.375,5081.375,3
1735,1735.2,01:24:41.375,01:24:44.375,5081.375,5084.375,3
1735,1735.3,01:24:44.375,01:24:47.375,5084.375,5087.375,3
1735,1735.4,01:24:47.375,01:24:50.375,5087.375,5090.375,3
1736,1736.1,01:24:51.708,01:24:54.708,5091.708,5094.708,3
1737,1737.1,01:24:55.208,01:24:58.208,5095.208,5098.208,3
1740,1740.1,01:25:03.042,01:25:06.042,5103.042,5106.042,3
1742,1742.1,01:25:11.708,01:25:14.708,5111.708,5114.708,3
1744,1744.1,01:25:17.042,01:25:20.042,5117.042,5120.042,3
1744,1744.2,01:25:20.042,01:25:23.042,5120.042,5123.042,3
1744,1744.3,01:25:23.042,01:25:26.042,5123.042,5126.042,3
1745,1745.1,01:25:26.375,01:25:29.375,5126.375,5129.375,3
1747,1747.1,01:25:32.708,01:25:35.708,5132.708,5135.708,3
1751,1751.1,01:25:39.208,01:25:42.208,5139.208,5142.208,3
1756,1756.1,01:25:50.708,01:25:53.708,5150.708,5153.708,3
1758,1758.1,01:25:55.208,01:25:58.208,5155.208,5158.208,3
1760,1760.1,01:26:00.708,01:26:03.708,5160.708,5163.708,3
1762,1762.1,01:26:06.042,01:26:09.042,5166.042,5169.042,3
1762,1762.2,01:26:09.042,01:26:12.042,5169.042,5172.042,3
1766,1766.1,01:26:17.375,01:26:20.375,5177.375,5180.375,3
1775,1775.1,01:26:37.042,01:26:40.042,5197.042,5200.042,3
1778,1778.1,01:26:43.208,01:26:46.208,5203.208,5206.208,3
1779,1779.1,01:26:46.208,01:26:49.208,5206.208,5209.208,3
1780,1780.1,01:26:49.542,01:26:52.542,5209.542,5212.542,3
1782,1782.1,01:26:56.208,01:26:59.208,5216.208,5219.208,3
1783,1783.1,01:26:59.375,01:27:02.375,5219.375,5222.375,3
1786,1786.1,01:27:08.875,01:27:11.875,5228.875,5231.875,3
1788,1788.1,01:27:13.708,01:27:16.708,5233.708,5236.708,3
1792,1792.1,01:27:21.542,01:27:24.542,5241.542,5244.542,3
1792,1792.2,01:27:24.542,01:27:27.542,5244.542,5247.542,3
1793,1793.1,01:27:27.708,01:27:30.708,5247.708,5250.708,3
1796,1796.1,01:27:35.875,01:27:38.875,5255.875,5258.875,3
1796,1796.2,01:27:38.875,01:27:41.875,5258.875,5261.875,3
1799,1799.1,01:27:48.208,01:27:51.208,5268.208,5271.208,3
1802,1802.1,01:27:59.042,01:28:02.042,5279.042,5282.042,3
1806,1806.1,01:28:09.042,01:28:12.042,5289.042,5292.042,3
1808,1808.1,01:28:14.375,01:28:17.375,5294.375,5297.375,3
1812,1812.1,01:28:22.875,01:28:25.875,5302.875,5305.875,3
1814,1814.1,01:28:29.042,01:28:32.042,5309.042,5312.042,3
1816,1816.1,01:28:34.875,01:28:37.875,5314.875,5317.875,3
1816,1816.2,01:28:37.875,01:28:40.875,5317.875,5320.875,3
1816,1816.3,01:28:40.875,01:28:43.875,5320.875,5323.875,3
1816,1816.4,01:28:43.875,01:28:46.875,5323.875,5326.875,3
1816,1816.5,01:28:46.875,01:28:49.875,5326.875,5329.875,3
1817,1817.1,01:28:49.875,01:28:52.875,5329.875,5332.875,3
1818,1818.1,01:28:53.042,01:28:56.042,5333.042,5336.042,3
1818,1818.2,01:28:56.042,01:28:59.042,5336.042,5339.042,3
1822,1822.1,01:29:04.875,01:29:07.875,5344.875,5347.875,3
1822,1822.2,01:29:07.875,01:29:10.875,5347.875,5350.875,3
1823,1823.1,01:29:11.375,01:29:14.375,5351.375,5354.375,3
1828,1828.1,01:29:22.042,01:29:25.042,5362.042,5365.042,3
1828,1828.2,01:29:25.042,01:29:28.042,5365.042,5368.042,3
1829,1829.1,01:29:29.375,01:29:32.375,5369.375,5372.375,3
1838,1838.1,01:29:52.375,01:29:55.375,5392.375,5395.375,3
1840,1840.1,01:29:57.875,01:30:00.875,5397.875,5400.875,3
1841,1841.1,01:30:01.042,01:30:04.042,5401.042,5404.042,3
1841,1841.2,01:30:04.042,01:30:07.042,5404.042,5407.042,3
1846,1846.1,01:30:17.875,01:30:20.875,5417.875,5420.875,3
1855,1855.1,01:30:37.875,01:30:40.875,5437.875,5440.875,3
1856,1856.1,01:30:42.042,01:30:45.042,5442.042,5445.042,3
1861,1861.1,01:30:56.542,01:30:59.542,5456.542,5459.542,3
1864,1864.1,01:31:03.375,01:31:06.375,5463.375,5466.375,3
1864,1864.2,01:31:06.375,01:31:09.375,5466.375,5469.375,3
1864,1864.3,01:31:09.375,01:31:12.375,5469.375,5472.375,3
1864,1864.4,01:31:12.375,01:31:15.375,5472.375,5475.375,3
1866,1866.1,01:31:17.708,01:31:20.708,5477.708,5480.708,3
1867,1867.1,01:31:21.208,01:31:24.208,5481.208,5484.208,3
1868,1868.1,01:31:25.708,01:31:28.708,5485.708,5488.708,3
1868,1868.2,01:31:28.708,01:31:31.708,5488.708,5491.708,3
1869,1869.1,01:31:32.042,01:31:35.042,5492.042,5495.042,3
1872,1872.1,01:31:40.042,01:31:43.042,5500.042,5503.042,3
1872,1872.2,01:31:43.042,01:31:46.042,5503.042,5506.042,3
1874,1874.1,01:31:48.208,01:31:51.208,5508.208,5511.208,3
1876,1876.1,01:31:52.042,01:31:55.042,5512.042,5515.042,3
1876,1876.2,01:31:55.042,01:31:58.042,5515.042,5518.042,3
1876,1876.3,01:31:58.042,01:32:01.042,5518.042,5521.042,3
1879,1879.1,01:32:06.875,01:32:09.875,5526.875,5529.875,3
1880,1880.1,01:32:10.042,01:32:13.042,5530.042,5533.042,3
1881,1881.1,01:32:15.042,01:32:18.042,5535.042,5538.042,3
1885,1885.1,01:32:25.708,01:32:28.708,5545.708,5548.708,3
1889,1889.1,01:32:31.542,01:32:34.542,5551.542,5554.542,3
1890,1890.1,01:32:34.875,01:32:37.875,5554.875,5557.875,3
1890,1890.2,01:32:37.875,01:32:40.875,5557.875,5560.875,3
1890,1890.3,01:32:40.875,01:32:43.875,5560.875,5563.875,3
1891,1891.1,01:32:44.208,01:32:47.208,5564.208,5567.208,3
1895,1895.1,01:32:51.708,01:32:54.708,5571.708,5574.708,3
1896,1896.1,01:32:55.375,01:32:58.375,5575.375,5578.375,3
1900,1900.1,01:33:03.042,01:33:06.042,5583.042,5586.042,3
1900,1900.2,01:33:06.042,01:33:09.042,5586.042,5589.042,3
1900,1900.3,01:33:09.042,01:33:12.042,5589.042,5592.042,3
1903,1903.1,01:33:18.375,01:33:21.375,5598.375,5601.375,3
1910,1910.1,01:33:32.042,01:33:35.042,5612.042,5615.042,3
1911,1911.1,01:33:35.542,01:33:38.542,5615.542,5618.542,3
1915,1915.1,01:33:46.375,01:33:49.375,5626.375,5629.375,3
1918,1918.1,01:33:56.708,01:33:59.708,5636.708,5639.708,3
1920,1920.1,01:34:04.042,01:34:07.042,5644.042,5647.042,3
1924,1924.1,01:34:13.708,01:34:16.708,5653.708,5656.708,3
1924,1924.2,01:34:16.708,01:34:19.708,5656.708,5659.708,3
1925,1925.1,01:34:22.042,01:34:25.042,5662.042,5665.042,3
1928,1928.1,01:34:31.208,01:34:34.208,5671.208,5674.208,3
1931,1931.1,01:34:41.375,01:34:44.375,5681.375,5684.375,3
1931,1931.2,01:34:44.375,01:34:47.375,5684.375,5687.375,3
1931,1931.3,01:34:47.375,01:34:50.375,5687.375,5690.375,3
1935,1935.1,01:34:56.375,01:34:59.375,5696.375,5699.375,3
1939,1939.1,01:35:06.708,01:35:09.708,5706.708,5709.708,3
1940,1940.1,01:35:10.375,01:35:13.375,5710.375,5713.375,3
1945,1945.1,01:35:23.042,01:35:26.042,5723.042,5726.042,3
1945,1945.2,01:35:26.042,01:35:29.042,5726.042,5729.042,3
1945,1945.3,01:35:29.042,01:35:32.042,5729.042,5732.042,3
1945,1945.4,01:35:32.042,01:35:35.042,5732.042,5735.042,3
1947,1947.1,01:35:39.208,01:35:42.208,5739.208,5742.208,3
1947,1947.2,01:35:42.208,01:35:45.208,5742.208,5745.208,3
1947,1947.3,01:35:45.208,01:35:48.208,5745.208,5748.208,3
1954,1954.1,01:36:00.708,01:36:03.708,5760.708,5763.708,3
1955,1955.1,01:36:04.042,01:36:07.042,5764.042,5767.042,3
1955,1955.2,01:36:07.042,01:36:10.042,5767.042,5770.042,3
1955,1955.3,01:36:10.042,01:36:13.042,5770.042,5773.042,3
1956,1956.1,01:36:15.375,01:36:18.375,5775.375,5778.375,3
1956,1956.2,01:36:18.375,01:36:21.375,5778.375,5781.375,3
1956,1956.3,01:36:21.375,01:36:24.375,5781.375,5784.375,3
1956,1956.4,01:36:24.375,01:36:27.375,5784.375,5787.375,3
1956,1956.5,01:36:27.375,01:36:30.375,5787.375,5790.375,3
1956,1956.6,01:36:30.375,01:36:33.375,5790.375,5793.375,3
1958,1958.1,01:36:38.208,01:36:41.208,5798.208,5801.208,3
1959,1959.1,01:36:43.542,01:36:46.542,5803.542,5806.542,3
1959,1959.2,01:36:46.542,01:36:49.542,5806.542,5809.542,3
1964,1964.1,01:36:58.208,01:37:01.208,5818.208,5821.208,3
1964,1964.2,01:37:01.208,01:37:04.208,5821.208,5824.208,3
1968,1968.1,01:37:09.542,01:37:12.542,5829.542,5832.542,3
1968,1968.2,01:37:12.542,01:37:15.542,5832.542,5835.542,3
1970,1970.1,01:37:20.042,01:37:23.042,5840.042,5843.042,3
1970,1970.2,01:37:23.042,01:37:26.042,5843.042,5846.042,3
1972,1972.1,01:37:31.208,01:37:34.208,5851.208,5854.208,3
1974,1974.1,01:37:36.208,01:37:39.208,5856.208,5859.208,3
1975,1975.1,01:37:41.375,01:37:44.375,5861.375,5864.375,3
1977,1977.1,01:37:48.708,01:37:51.708,5868.708,5871.708,3
1978,1978.1,01:37:51.708,01:37:54.708,5871.708,5874.708,3
1983,1983.1,01:38:01.208,01:38:04.208,5881.208,5884.208,3
1992,1992.1,01:38:20.542,01:38:23.542,5900.542,5903.542,3
1993,1993.1,01:38:25.875,01:38:28.875,5905.875,5908.875,3
1994,1994.1,01:38:29.542,01:38:32.542,5909.542,5912.542,3
1996,1996.1,01:38:36.208,01:38:39.208,5916.208,5919.208,3
1999,1999.1,01:38:43.708,01:38:46.708,5923.708,5926.708,3
2000,2000.1,01:38:48.708,01:38:51.708,5928.708,5931.708,3
2009,2009.1,01:39:05.208,01:39:08.208,5945.208,5948.208,3
2015,2015.1,01:39:19.208,01:39:22.208,5959.208,5962.208,3
2020,2020.1,01:39:29.875,01:39:32.875,5969.875,5972.875,3
2025,2025.1,01:39:38.042,01:39:41.042,5978.042,5981.042,3
2025,2025.2,01:39:41.042,01:39:44.042,5981.042,5984.042,3
2028,2028.1,01:39:51.208,01:39:54.208,5991.208,5994.208,3
2034,2034.1,01:40:03.875,01:40:06.875,6003.875,6006.875,3
2035,2035.1,01:40:08.375,01:40:11.375,6008.375,6011.375,3
2049,2049.1,01:40:34.708,01:40:37.708,6034.708,6037.708,3
2050,2050.1,01:40:39.208,01:40:42.208,6039.208,6042.208,3
2053,2053.1,01:40:47.375,01:40:50.375,6047.375,6050.375,3
2063,2063.1,01:41:08.875,01:41:11.875,6068.875,6071.875,3
2074,2074.1,01:41:28.875,01:41:31.875,6088.875,6091.875,3
2076,2076.1,01:41:35.875,01:41:38.875,6095.875,6098.875,3
2076,2076.2,01:41:38.875,01:41:41.875,6098.875,6101.875,3
2076,2076.3,01:41:41.875,01:41:44.875,6101.875,6104.875,3
2076,2076.4,01:41:44.875,01:41:47.875,6104.875,6107.875,3
2076,2076.5,01:41:47.875,01:41:50.875,6107.875,6110.875,3
2076,2076.6,01:41:50.875,01:41:53.875,6110.875,6113.875,3
2080,2080.1,01:42:02.208,01:42:05.208,6122.208,6125.208,3
2081,2081.1,01:42:05.542,01:42:08.542,6125.542,6128.542,3
2090,2090.1,01:42:21.708,01:42:24.708,6141.708,6144.708,3
2090,2090.2,01:42:24.708,01:42:27.708,6144.708,6147.708,3
2090,2090.3,01:42:27.708,01:42:30.708,6147.708,6150.708,3
2092,2092.1,01:42:32.208,01:42:35.208,6152.208,6155.208,3
2092,2092.2,01:42:35.208,01:42:38.208,6155.208,6158.208,3
2092,2092.3,01:42:38.208,01:42:41.208,6158.208,6161.208,3
2092,2092.4,01:42:41.208,01:42:44.208,6161.208,6164.208,3
2092,2092.5,01:42:44.208,01:42:47.208,6164.208,6167.208,3
2094,2094.1,01:42:48.708,01:42:51.708,6168.708,6171.708,3
2096,2096.1,01:42:53.208,01:42:56.208,6173.208,6176.208,3
2099,2099.1,01:43:01.042,01:43:04.042,6181.042,6184.042,3
2100,2100.1,01:43:04.208,01:43:07.208,6184.208,6187.208,3
2116,2116.1,01:43:34.208,01:43:37.208,6214.208,6217.208,3
2119,2119.1,01:43:40.375,01:43:43.375,6220.375,6223.375,3
2124,2124.1,01:43:52.708,01:43:55.708,6232.708,6235.708,3
2125,2125.1,01:43:57.708,01:44:00.708,6237.708,6240.708,3
2125,2125.2,01:44:00.708,01:44:03.708,6240.708,6243.708,3
2125,2125.3,01:44:03.708,01:44:06.708,6243.708,6246.708,3
2125,2125.4,01:44:06.708,01:44:09.708,6246.708,6249.708,3
2125,2125.5,01:44:09.708,01:44:12.708,6249.708,6252.708,3
2125,2125.6,01:44:12.708,01:44:15.708,6252.708,6255.708,3
2131,2131.1,01:44:25.208,01:44:28.208,6265.208,6268.208,3
2133,2133.1,01:44:31.042,01:44:34.042,6271.042,6274.042,3
2136,2136.1,01:44:40.375,01:44:43.375,6280.375,6283.375,3
2138,2138.1,01:44:46.542,01:44:49.542,6286.542,6289.542,3
2140,2140.1,01:44:52.208,01:44:55.208,6292.208,6295.208,3
2142,2142.1,01:44:57.708,01:45:00.708,6297.708,6300.708,3
2155,2155.1,01:45:21.042,01:45:24.042,6321.042,6324.042,3
2162,2162.1,01:45:31.042,01:45:34.042,6331.042,6334.042,3
2175,2175.1,01:45:50.208,01:45:53.208,6350.208,6353.208,3
2177,2177.1,01:45:55.042,01:45:58.042,6355.042,6358.042,3
2179,2179.1,01:46:01.375,01:46:04.375,6361.375,6364.375,3
2179,2179.2,01:46:04.375,01:46:07.375,6364.375,6367.375,3
2180,2180.1,01:46:09.542,01:46:12.542,6369.542,6372.542,3
2180,2180.2,01:46:12.542,01:46:15.542,6372.542,6375.542,3
2185,2185.1,01:46:23.375,01:46:26.375,6383.375,6386.375,3
2189,2189.1,01:46:33.708,01:46:36.708,6393.708,6396.708,3
2189,2189.2,01:46:36.708,01:46:39.708,6396.708,6399.708,3
2200,2200.1,01:47:00.708,01:47:03.708,6420.708,6423.708,3
2201,2201.1,01:47:03.708,01:47:06.708,6423.708,6426.708,3
2205,2205.1,01:47:13.208,01:47:16.208,6433.208,6436.208,3
2208,2208.1,01:47:21.208,01:47:24.208,6441.208,6444.208,3
2208,2208.2,01:47:24.208,01:47:27.208,6444.208,6447.208,3
2213,2213.1,01:47:33.375,01:47:36.375,6453.375,6456.375,3
2214,2214.1,01:47:36.708,01:47:39.708,6456.708,6459.708,3
2243,2243.1,01:48:18.542,01:48:21.542,6498.542,6501.542,3
2243,2243.2,01:48:21.542,01:48:24.542,6501.542,6504.542,3
2252,2252.1,01:48:38.208,01:48:41.208,6518.208,6521.208,3
2252,2252.2,01:48:41.208,01:48:44.208,6521.208,6524.208,3
2253,2253.1,01:48:46.208,01:48:49.208,6526.208,6529.208,3
2255,2255.1,01:48:50.375,01:48:53.375,6530.375,6533.375,3
2268,2268.1,01:49:17.208,01:49:20.208,6557.208,6560.208,3
2270,2270.1,01:49:22.042,01:49:25.042,6562.042,6565.042,3
2271,2271.1,01:49:26.208,01:49:29.208,6566.208,6569.208,3
2273,2273.1,01:49:30.208,01:49:33.208,6570.208,6573.208,3
2281,2281.1,01:49:45.875,01:49:48.875,6585.875,6588.875,3
2281,2281.2,01:49:48.875,01:49:51.875,6588.875,6591.875,3
2285,2285.1,01:49:58.708,01:50:01.708,6598.708,6601.708,3
2285,2285.2,01:50:01.708,01:50:04.708,6601.708,6604.708,3
2287,2287.1,01:50:06.542,01:50:09.542,6606.542,6609.542,3
2289,2289.1,01:50:12.708,01:50:15.708,6612.708,6615.708,3
2295,2295.1,01:50:24.708,01:50:27.708,6624.708,6627.708,3
2305,2305.1,01:50:42.208,01:50:45.208,6642.208,6645.208,3
2309,2309.1,01:50:49.375,01:50:52.375,6649.375,6652.375,3
2309,2309.2,01:50:52.375,01:50:55.375,6652.375,6655.375,3
2310,2310.1,01:50:57.875,01:51:00.875,6657.875,6660.875,3
2315,2315.1,01:51:07.708,01:51:10.708,6667.708,6670.708,3
2316,2316.1,01:51:11.542,01:51:14.542,6671.542,6674.542,3
2319,2319.1,01:51:19.708,01:51:22.708,6679.708,6682.708,3
2319,2319.2,01:51:22.708,01:51:25.708,6682.708,6685.708,3
2319,2319.3,01:51:25.708,01:51:28.708,6685.708,6688.708,3
2322,2322.1,01:51:33.875,01:51:36.875,6693.875,6696.875,3
2322,2322.2,01:51:36.875,01:51:39.875,6696.875,6699.875,3
2327,2327.1,01:51:49.708,01:51:52.708,6709.708,6712.708,3
2327,2327.2,01:51:52.708,01:51:55.708,6712.708,6715.708,3
2329,2329.1,01:51:59.042,01:52:02.042,6719.042,6722.042,3
2331,2331.1,01:52:04.208,01:52:07.208,6724.208,6727.208,3
2332,2332.1,01:52:07.375,01:52:10.375,6727.375,6730.375,3
2332,2332.2,01:52:10.375,01:52:13.375,6730.375,6733.375,3
2335,2335.1,01:52:18.875,01:52:21.875,6738.875,6741.875,3
2335,2335.2,01:52:21.875,01:52:24.875,6741.875,6744.875,3
2335,2335.3,01:52:24.875,01:52:27.875,6744.875,6747.875,3
2339,2339.1,01:52:32.375,01:52:35.375,6752.375,6755.375,3
2342,2342.1,01:52:38.708,01:52:41.708,6758.708,6761.708,3
2343,2343.1,01:52:42.042,01:52:45.042,6762.042,6765.042,3
2344,2344.1,01:52:45.042,01:52:48.042,6765.042,6768.042,3
2348,2348.1,01:52:58.708,01:53:01.708,6778.708,6781.708,3
2353,2353.1,01:53:08.875,01:53:11.875,6788.875,6791.875,3
2357,2357.1,01:53:17.542,01:53:20.542,6797.542,6800.542,3
2358,2358.1,01:53:20.542,01:53:23.542,6800.542,6803.542,3
2359,2359.1,01:53:23.542,01:53:26.542,6803.542,6806.542,3
2361,2361.1,01:53:27.542,01:53:30.542,6807.542,6810.542,3
2362,2362.1,01:53:32.042,01:53:35.042,6812.042,6815.042,3
2363,2363.1,01:53:35.542,01:53:38.542,6815.542,6818.542,3
2363,2363.2,01:53:38.542,01:53:41.542,6818.542,6821.542,3
2363,2363.3,01:53:41.542,01:53:44.542,6821.542,6824.542,3
2365,2365.1,01:53:49.208,01:53:52.208,6829.208,6832.208,3
2365,2365.2,01:53:52.208,01:53:55.208,6832.208,6835.208,3
2365,2365.3,01:53:55.208,01:53:58.208,6835.208,6838.208,3
2365,2365.4,01:53:58.208,01:54:01.208,6838.208,6841.208,3
2365,2365.5,01:54:01.208,01:54:04.208,6841.208,6844.208,3
2368,2368.1,01:54:07.875,01:54:10.875,6847.875,6850.875,3
2381,2381.1,01:54:32.042,01:54:35.042,6872.042,6875.042,3
2382,2382.1,01:54:37.708,01:54:40.708,6877.708,6880.708,3
2383,2383.1,01:54:42.042,01:54:45.042,6882.042,6885.042,3
2384,2384.1,01:54:46.375,01:54:49.375,6886.375,6889.375,3
2384,2384.2,01:54:49.375,01:54:52.375,6889.375,6892.375,3
2385,2385.1,01:54:53.708,01:54:56.708,6893.708,6896.708,3
2386,2386.1,01:54:57.208,01:55:00.208,6897.208,6900.208,3
2387,2387.1,01:55:00.875,01:55:03.875,6900.875,6903.875,3
2388,2388.1,01:55:04.208,01:55:07.208,6904.208,6907.208,3
2391,2391.1,01:55:12.542,01:55:15.542,6912.542,6915.542,3
2392,2392.1,01:55:15.875,01:55:18.875,6915.875,6918.875,3
2393,2393.1,01:55:18.875,01:55:21.875,6918.875,6921.875,3
2401,2401.1,01:55:34.375,01:55:37.375,6934.375,6937.375,3
2401,2401.2,01:55:37.375,01:55:40.375,6937.375,6940.375,3
2401,2401.3,01:55:40.375,01:55:43.375,6940.375,6943.375,3
2401,2401.4,01:55:43.375,01:55:46.375,6943.375,6946.375,3
2401,2401.5,01:55:46.375,01:55:49.375,6946.375,6949.375,3
2401,2401.6,01:55:49.375,01:55:52.375,6949.375,6952.375,3
2402,2402.1,01:55:52.375,01:55:55.375,6952.375,6955.375,3
2404,2404.1,01:55:58.042,01:56:01.042,6958.042,6961.042,3
2405,2405.1,01:56:01.042,01:56:04.042,6961.042,6964.042,3
2409,2409.1,01:56:12.542,01:56:15.542,6972.542,6975.542,3
2419,2419.1,01:56:34.708,01:56:37.708,6994.708,6997.708,3
2419,2419.2,01:56:37.708,01:56:40.708,6997.708,7000.708,3
2419,2419.3,01:56:40.708,01:56:43.708,7000.708,7003.708,3
2421,2421.1,01:56:48.375,01:56:51.375,7008.375,7011.375,3
2424,2424.1,01:56:55.542,01:56:58.542,7015.542,7018.542,3
2426,2426.1,01:57:00.708,01:57:03.708,7020.708,7023.708,3
2429,2429.1,01:57:08.208,01:57:11.208,7028.208,7031.208,3
2432,2432.1,01:57:13.875,01:57:16.875,7033.875,7036.875,3
2442,2442.1,01:57:31.542,01:57:34.542,7051.542,7054.542,3
2448,2448.1,01:57:44.375,01:57:47.375,7064.375,7067.375,3
2449,2449.1,01:57:48.708,01:57:51.708,7068.708,7071.708,3
2450,2450.1,01:57:52.042,01:57:55.042,7072.042,7075.042,3
2453,2453.1,01:57:59.375,01:58:02.375,7079.375,7082.375,3
2459,2459.1,01:58:10.542,01:58:13.542,7090.542,7093.542,3
2461,2461.1,01:58:16.208,01:58:19.208,7096.208,7099.208,3
2467,2467.1,01:58:28.542,01:58:31.542,7108.542,7111.542,3
2467,2467.2,01:58:31.542,01:58:34.542,7111.542,7114.542,3
2467,2467.3,01:58:34.542,01:58:37.542,7114.542,7117.542,3
2468,2468.1,01:58:38.208,01:58:41.208,7118.208,7121.208,3
2472,2472.1,01:58:47.375,01:58:50.375,7127.375,7130.375,3
2474,2474.1,01:58:54.208,01:58:57.208,7134.208,7137.208,3
2476,2476.1,01:58:59.708,01:59:02.708,7139.708,7142.708,3
2478,2478.1,01:59:05.208,01:59:08.208,7145.208,7148.208,3
2479,2479.1,01:59:10.208,01:59:13.208,7150.208,7153.208,3
2483,2483.1,01:59:21.042,01:59:24.042,7161.042,7164.042,3
2488,2488.1,01:59:33.875,01:59:36.875,7173.875,7176.875,3
2489,2489.1,01:59:39.208,01:59:42.208,7179.208,7182.208,3
2492,2492.1,01:59:47.875,01:59:50.875,7187.875,7190.875,3
2492,2492.2,01:59:50.875,01:59:53.875,7190.875,7193.875,3
2493,2493.1,01:59:54.708,01:59:57.708,7194.708,7197.708,3
2494,2494.1,01:59:58.375,02:00:01.375,7198.375,7201.375,3
2496,2496.1,02:00:05.042,02:00:08.042,7205.042,7208.042,3
2499,2499.1,02:00:12.875,02:00:15.875,7212.875,7215.875,3
2502,2502.1,02:00:19.708,02:00:22.708,7219.708,7222.708,3
2505,2505.1,02:00:27.375,02:00:30.375,7227.375,7230.375,3
2507,2507.1,02:00:32.375,02:00:35.375,7232.375,7235.375,3
2510,2510.1,02:00:40.042,02:00:43.042,7240.042,7243.042,3
2513,2513.1,02:00:48.042,02:00:51.042,7248.042,7251.042,3
2519,2519.1,02:01:00.208,02:01:03.208,7260.208,7263.208,3
2521,2521.1,02:01:06.042,02:01:09.042,7266.042,7269.042,3
2521,2521.2,02:01:09.042,02:01:12.042,7269.042,7272.042,3
2521,2521.3,02:01:12.042,02:01:15.042,7272.042,7275.042,3
2521,2521.4,02:01:15.042,02:01:18.042,7275.042,7278.042,3
2523,2523.1,02:01:20.375,02:01:23.375,7280.375,7283.375,3
2523,2523.2,02:01:23.375,02:01:26.375,7283.375,7286.375,3
2523,2523.3,02:01:26.375,02:01:29.375,7286.375,7289.375,3
2523,2523.4,02:01:29.375,02:01:32.375,7289.375,7292.375,3
2524,2524.1,02:01:32.375,02:01:35.375,7292.375,7295.375,3
2525,2525.1,02:01:35.875,02:01:38.875,7295.875,7298.875,3
2530,2530.1,02:01:49.208,02:01:52.208,7309.208,7312.208,3
2531,2531.1,02:01:52.208,02:01:55.208,7312.208,7315.208,3
2534,2534.1,02:01:58.542,02:02:01.542,7318.542,7321.542,3
2536,2536.1,02:02:05.875,02:02:08.875,7325.875,7328.875,3
2538,2538.1,02:02:12.208,02:02:15.208,7332.208,7335.208,3
2538,2538.2,02:02:15.208,02:02:18.208,7335.208,7338.208,3
2542,2542.1,02:02:23.542,02:02:26.542,7343.542,7346.542,3
2544,2544.1,02:02:28.875,02:02:31.875,7348.875,7351.875,3
2544,2544.2,02:02:31.875,02:02:34.875,7351.875,7354.875,3
2546,2546.1,02:02:38.208,02:02:41.208,7358.208,7361.208,3
2546,2546.2,02:02:41.208,02:02:44.208,7361.208,7364.208,3
2546,2546.3,02:02:44.208,02:02:47.208,7364.208,7367.208,3
2548,2548.1,02:02:49.875,02:02:52.875,7369.875,7372.875,3
2548,2548.2,02:02:52.875,02:02:55.875,7372.875,7375.875,3
2548,2548.3,02:02:55.875,02:02:58.875,7375.875,7378.875,3
2548,2548.4,02:02:58.875,02:03:01.875,7378.875,7381.875,3
2548,2548.5,02:03:01.875,02:03:04.875,7381.875,7384.875,3
2550,2550.1,02:03:09.542,02:03:12.542,7389.542,7392.542,3
2550,2550.2,02:03:12.542,02:03:15.542,7392.542,7395.542,3
2550,2550.3,02:03:15.542,02:03:18.542,7395.542,7398.542,3
2552,2552.1,02:03:21.042,02:03:24.042,7401.042,7404.042,3
2554,2554.1,02:03:25.208,02:03:28.208,7405.208,7408.208,3
2555,2555.1,02:03:29.375,02:03:32.375,7409.375,7412.375,3
2556,2556.1,02:03:32.542,02:03:35.542,7412.542,7415.542,3
2557,2557.1,02:03:36.542,02:03:39.542,7416.542,7419.542,3
2558,2558.1,02:03:40.708,02:03:43.708,7420.708,7423.708,3
2559,2559.1,02:03:44.542,02:03:47.542,7424.542,7427.542,3
2560,2560.1,02:03:48.208,02:03:51.208,7428.208,7431.208,3
2561,2561.1,02:03:52.208,02:03:55.208,7432.208,7435.208,3
2568,2568.1,02:04:08.208,02:04:11.208,7448.208,7451.208,3
2569,2569.1,02:04:11.708,02:04:14.708,7451.708,7454.708,3
2570,2570.1,02:04:15.708,02:04:18.708,7455.708,7458.708,3
2573,2573.1,02:04:23.708,02:04:26.708,7463.708,7466.708,3
2576,2576.1,02:04:28.208,02:04:31.208,7468.208,7471.208,3
2578,2578.1,02:04:33.208,02:04:36.208,7473.208,7476.208,3
2585,2585.1,02:04:46.875,02:04:49.875,7486.875,7489.875,3
2588,2588.1,02:04:57.542,02:05:00.542,7497.542,7500.542,3
2589,2589.1,02:05:00.708,02:05:03.708,7500.708,7503.708,3
2599,2599.1,02:05:22.875,02:05:25.875,7522.875,7525.875,3
2600,2600.1,02:05:26.375,02:05:29.375,7526.375,7529.375,3
2605,2605.1,02:05:40.042,02:05:43.042,7540.042,7543.042,3
2605,2605.2,02:05:43.042,02:05:46.042,7543.042,7546.042,3
2606,2606.1,02:05:46.375,02:05:49.375,7546.375,7549.375,3
2606,2606.2,02:05:49.375,02:05:52.375,7549.375,7552.375,3
2606,2606.3,02:05:52.375,02:05:55.375,7552.375,7555.375,3
2608,2608.1,02:05:58.875,02:06:01.875,7558.875,7561.875,3
2609,2609.1,02:06:04.042,02:06:07.042,7564.042,7567.042,3
2619,2619.1,02:06:24.375,02:06:27.375,7584.375,7587.375,3
2620,2620.1,02:06:27.708,02:06:30.708,7587.708,7590.708,3
2620,2620.2,02:06:30.708,02:06:33.708,7590.708,7593.708,3
2621,2621.1,02:06:36.542,02:06:39.542,7596.542,7599.542,3
2622,2622.1,02:06:41.708,02:06:44.708,7601.708,7604.708,3
2622,2622.2,02:06:44.708,02:06:47.708,7604.708,7607.708,3
2626,2626.1,02:06:53.208,02:06:56.208,7613.208,7616.208,3
2626,2626.2,02:06:56.208,02:06:59.208,7616.208,7619.208,3
2626,2626.3,02:06:59.208,02:07:02.208,7619.208,7622.208,3
2627,2627.1,02:07:03.208,02:07:06.208,7623.208,7626.208,3
2627,2627.2,02:07:06.208,02:07:09.208,7626.208,7629.208,3
2630,2630.1,02:07:12.375,02:07:15.375,7632.375,7635.375,3
2632,2632.1,02:07:18.875,02:07:21.875,7638.875,7641.875,3
2634,2634.1,02:07:24.208,02:07:27.208,7644.208,7647.208,3
2634,2634.2,02:07:27.208,02:07:30.208,7647.208,7650.208,3
2635,2635.1,02:07:31.208,02:07:34.208,7651.208,7654.208,3
2640,2640.1,02:07:43.208,02:07:46.208,7663.208,7666.208,3
2642,2642.1,02:07:49.042,02:07:52.042,7669.042,7672.042,3
2642,2642.2,02:07:52.042,02:07:55.042,7672.042,7675.042,3
2647,2647.1,02:08:03.708,02:08:06.708,7683.708,7686.708,3
2648,2648.1,02:08:06.875,02:08:09.875,7686.875,7689.875,3
2653,2653.1,02:08:18.542,02:08:21.542,7698.542,7701.542,3
2654,2654.1,02:08:23.042,02:08:26.042,7703.042,7706.042,3
2658,2658.1,02:08:32.375,02:08:35.375,7712.375,7715.375,3
2659,2659.1,02:08:36.875,02:08:39.875,7716.875,7719.875,3
2659,2659.2,02:08:39.875,02:08:42.875,7719.875,7722.875,3
2659,2659.3,02:08:42.875,02:08:45.875,7722.875,7725.875,3
2659,2659.4,02:08:45.875,02:08:48.875,7725.875,7728.875,3
2659,2659.5,02:08:48.875,02:08:51.875,7728.875,7731.875,3
2660,2660.1,02:08:52.542,02:08:55.542,7732.542,7735.542,3
2664,2664.1,02:09:03.708,02:09:06.708,7743.708,7746.708,3
2666,2666.1,02:09:11.542,02:09:14.542,7751.542,7754.542,3
2670,2670.1,02:09:17.875,02:09:20.875,7757.875,7760.875,3
2671,2671.1,02:09:23.375,02:09:26.375,7763.375,7766.375,3
2671,2671.2,02:09:26.375,02:09:29.375,7766.375,7769.375,3
2673,2673.1,02:09:33.375,02:09:36.375,7773.375,7776.375,3
2691,2691.1,02:10:01.542,02:10:04.542,7801.542,7804.542,3
2692,2692.1,02:10:04.708,02:10:07.708,7804.708,7807.708,3
2692,2692.2,02:10:07.708,02:10:10.708,7807.708,7810.708,3
2695,2695.1,02:10:16.042,02:10:19.042,7816.042,7819.042,3
2695,2695.2,02:10:19.042,02:10:22.042,7819.042,7822.042,3
2700,2700.1,02:10:29.208,02:10:32.208,7829.208,7832.208,3
2701,2701.1,02:10:32.875,02:10:35.875,7832.875,7835.875,3
2701,2701.2,02:10:35.875,02:10:38.875,7835.875,7838.875,3
2703,2703.1,02:10:41.208,02:10:44.208,7841.208,7844.208,3
2705,2705.1,02:10:48.542,02:10:51.542,7848.542,7851.542,3
2706,2706.1,02:10:53.708,02:10:56.708,7853.708,7856.708,3
2707,2707.1,02:10:57.708,02:11:00.708,7857.708,7860.708,3
2707,2707.2,02:11:00.708,02:11:03.708,7860.708,7863.708,3
2708,2708.1,02:11:06.042,02:11:09.042,7866.042,7869.042,3
2709,2709.1,02:11:09.708,02:11:12.708,7869.708,7872.708,3
2712,2712.1,02:11:16.042,02:11:19.042,7876.042,7879.042,3
2712,2712.2,02:11:19.042,02:11:22.042,7879.042,7882.042,3
2713,2713.1,02:11:22.708,02:11:25.708,7882.708,7885.708,3
2714,2714.1,02:11:27.542,02:11:30.542,7887.542,7890.542,3
2714,2714.2,02:11:30.542,02:11:33.542,7890.542,7893.542,3
2715,2715.1,02:11:34.208,02:11:37.208,7894.208,7897.208,3
2719,2719.1,02:11:44.542,02:11:47.542,7904.542,7907.542,3
2720,2720.1,02:11:47.875,02:11:50.875,7907.875,7910.875,3
2721,2721.1,02:11:51.042,02:11:54.042,7911.042,7914.042,3
2726,2726.1,02:11:59.875,02:12:02.875,7919.875,7922.875,3
2729,2729.1,02:12:07.208,02:12:10.208,7927.208,7930.208,3
2729,2729.2,02:12:10.208,02:12:13.208,7930.208,7933.208,3
2730,2730.1,02:12:13.375,02:12:16.375,7933.375,7936.375,3
2730,2730.2,02:12:16.375,02:12:19.375,7936.375,7939.375,3
2731,2731.1,02:12:20.542,02:12:23.542,7940.542,7943.542,3
2732,2732.1,02:12:25.708,02:12:28.708,7945.708,7948.708,3
2732,2732.2,02:12:28.708,02:12:31.708,7948.708,7951.708,3
2732,2732.3,02:12:31.708,02:12:34.708,7951.708,7954.708,3
2732,2732.4,02:12:34.708,02:12:37.708,7954.708,7957.708,3
2732,2732.5,02:12:37.708,02:12:40.708,7957.708,7960.708,3
2732,2732.6,02:12:40.708,02:12:43.708,7960.708,7963.708,3
2732,2732.7,02:12:43.708,02:12:46.708,7963.708,7966.708,3
2732,2732.8,02:12:46.708,02:12:49.708,7966.708,7969.708,3
2732,2732.9,02:12:49.708,02:12:52.708,7969.708,7972.708,3
2732,2732.10,02:12:52.708,02:12:55.708,7972.708,7975.708,3
2732,2732.11,02:12:55.708,02:12:58.708,7975.708,7978.708,3
2732,2732.12,02:12:58.708,02:13:01.708,7978.708,7981.708,3
2732,2732.13,02:13:01.708,02:13:04.708,7981.708,7984.708,3
2732,2732.14,02:13:04.708,02:13:07.708,7984.708,7987.708,3
2732,2732.15,02:13:07.708,02:13:10.708,7987.708,7990.708,3
2732,2732.16,02:13:10.708,02:13:13.708,7990.708,7993.708,3
2732,2732.17,02:13:13.708,02:13:16.708,7993.708,7996.708,3
2732,2732.18,02:13:16.708,02:13:19.708,7996.708,7999.708,3
2732,2732.19,02:13:19.708,02:13:22.708,7999.708,8002.708,3
2732,2732.20,02:13:22.708,02:13:25.708,8002.708,8005.708,3
2732,2732.21,02:13:25.708,02:13:28.708,8005.708,8008.708,3
2732,2732.22,02:13:28.708,02:13:31.708,8008.708,8011.708,3
2732,2732.23,02:13:31.708,02:13:34.708,8011.708,8014.708,3
2732,2732.24,02:13:34.708,02:13:37.708,8014.708,8017.708,3
2732,2732.25,02:13:37.708,02:13:40.708,8017.708,8020.708,3
2732,2732.26,02:13:40.708,02:13:43.708,8020.708,8023.708,3
2732,2732.27,02:13:43.708,02:13:46.708,8023.708,8026.708,3
2732,2732.28,02:13:46.708,02:13:49.708,8026.708,8029.708,3
2732,2732.29,02:13:49.708,02:13:52.708,8029.708,8032.708,3
2732,2732.30,02:13:52.708,02:13:55.708,8032.708,8035.708,3
2732,2732.31,02:13:55.708,02:13:58.708,8035.708,8038.708,3
2732,2732.32,02:13:58.708,02:14:01.708,8038.708,8041.708,3
2732,2732.33,02:14:01.708,02:14:04.708,8041.708,8044.708,3
2732,2732.34,02:14:04.708,02:14:07.708,8044.708,8047.708,3
2732,2732.35,02:14:07.708,02:14:10.708,8047.708,8050.708,3
2732,2732.36,02:14:10.708,02:14:13.708,8050.708,8053.708,3
2732,2732.37,02:14:13.708,02:14:16.708,8053.708,8056.708,3
2732,2732.38,02:14:16.708,02:14:19.708,8056.708,8059.708,3
2732,2732.39,02:14:19.708,02:14:22.708,8059.708,8062.708,3
2732,2732.40,02:14:22.708,02:14:25.708,8062.708,8065.708,3
2732,2732.41,02:14:25.708,02:14:28.708,8065.708,8068.708,3
2732,2732.42,02:14:28.708,02:14:31.708,8068.708,8071.708,3
2732,2732.43,02:14:31.708,02:14:34.708,8071.708,8074.708,3
2732,2732.44,02:14:34.708,02:14:37.708,8074.708,8077.708,3
2732,2732.45,02:14:37.708,02:14:40.708,8077.708,8080.708,3
2732,2732.46,02:14:40.708,02:14:43.708,8080.708,8083.708,3
2732,2732.47,02:14:43.708,02:14:46.708,8083.708,8086.708,3
2732,2732.48,02:14:46.708,02:14:49.708,8086.708,8089.708,3
2732,2732.49,02:14:49.708,02:14:52.708,8089.708,8092.708,3
2732,2732.50,02:14:52.708,02:14:55.708,8092.708,8095.708,3
2732,2732.51,02:14:55.708,02:14:58.708,8095.708,8098.708,3
2732,2732.52,02:14:58.708,02:15:01.708,8098.708,8101.708,3
2732,2732.53,02:15:01.708,02:15:04.708,8101.708,8104.708,3
2732,2732.54,02:15:04.708,02:15:07.708,8104.708,8107.708,3
2732,2732.55,02:15:07.708,02:15:10.708,8107.708,8110.708,3
2732,2732.56,02:15:10.708,02:15:13.708,8110.708,8113.708,3
2732,2732.57,02:15:13.708,02:15:16.708,8113.708,8116.708,3
2732,2732.58,02:15:16.708,02:15:19.708,8116.708,8119.708,3
2732,2732.59,02:15:19.708,02:15:22.708,8119.708,8122.708,3
2732,2732.60,02:15:22.708,02:15:25.708,8122.708,8125.708,3
2732,2732.61,02:15:25.708,02:15:28.708,8125.708,8128.708,3
2732,2732.62,02:15:28.708,02:15:31.708,8128.708,8131.708,3
2732,2732.63,02:15:31.708,02:15:34.708,8131.708,8134.708,3
2732,2732.64,02:15:34.708,02:15:37.708,8134.708,8137.708,3
2732,2732.65,02:15:37.708,02:15:40.708,8137.708,8140.708,3
2732,2732.66,02:15:40.708,02:15:43.708,8140.708,8143.708,3
2732,2732.67,02:15:43.708,02:15:46.708,8143.708,8146.708,3
2732,2732.68,02:15:46.708,02:15:49.708,8146.708,8149.708,3
2732,2732.69,02:15:49.708,02:15:52.708,8149.708,8152.708,3
2732,2732.70,02:15:52.708,02:15:55.708,8152.708,8155.708,3
2732,2732.71,02:15:55.708,02:15:58.708,8155.708,8158.708,3
2732,2732.72,02:15:58.708,02:16:01.708,8158.708,8161.708,3
2732,2732.73,02:16:01.708,02:16:04.708,8161.708,8164.708,3
2732,2732.74,02:16:04.708,02:16:07.708,8164.708,8167.708,3
2732,2732.75,02:16:07.708,02:16:10.708,8167.708,8170.708,3
2732,2732.76,02:16:10.708,02:16:13.708,8170.708,8173.708,3
2732,2732.77,02:16:13.708,02:16:16.708,8173.708,8176.708,3
2732,2732.78,02:16:16.708,02:16:19.708,8176.708,8179.708,3
2732,2732.79,02:16:19.708,02:16:22.708,8179.708,8182.708,3
2732,2732.80,02:16:22.708,02:16:25.708,8182.708,8185.708,3
2732,2732.81,02:16:25.708,02:16:28.708,8185.708,8188.708,3
2732,2732.82,02:16:28.708,02:16:31.708,8188.708,8191.708,3
2732,2732.83,02:16:31.708,02:16:34.708,8191.708,8194.708,3
2732,2732.84,02:16:34.708,02:16:37.708,8194.708,8197.708,3
2732,2732.85,02:16:37.708,02:16:40.708,8197.708,8200.708,3
2732,2732.86,02:16:40.708,02:16:43.708,8200.708,8203.708,3
2732,2732.87,02:16:43.708,02:16:46.708,8203.708,8206.708,3
2732,2732.88,02:16:46.708,02:16:49.708,8206.708,8209.708,3
2732,2732.89,02:16:49.708,02:16:52.708,8209.708,8212.708,3
2732,2732.90,02:16:52.708,02:16:55.708,8212.708,8215.708,3
2732,2732.91,02:16:55.708,02:16:58.708,8215.708,8218.708,3
2732,2732.92,02:16:58.708,02:17:01.708,8218.708,8221.708,3
2732,2732.93,02:17:01.708,02:17:04.708,8221.708,8224.708,3
2732,2732.94,02:17:04.708,02:17:07.708,8224.708,8227.708,3
2732,2732.95,02:17:07.708,02:17:10.708,8227.708,8230.708,3
2732,2732.96,02:17:10.708,02:17:13.708,8230.708,8233.708,3
2732,2732.97,02:17:13.708,02:17:16.708,8233.708,8236.708,3
2732,2732.98,02:17:16.708,02:17:19.708,8236.708,8239.708,3
2732,2732.99,02:17:19.708,02:17:22.708,8239.708,8242.708,3
2732,2732.100,02:17:22.708,02:17:25.708,8242.708,8245.708,3
2732,2732.101,02:17:25.708,02:17:28.708,8245.708,8248.708,3
2732,2732.102,02:17:28.708,02:17:31.708,8248.708,8251.708,3
2732,2732.103,02:17:31.708,02:17:34.708,8251.708,8254.708,3
2732,2732.104,02:17:34.708,02:17:37.708,8254.708,8257.708,3
2732,2732.105,02:17:37.708,02:17:40.708,8257.708,8260.708,3
2732,2732.106,02:17:40.708,02:17:43.708,8260.708,8263.708,3
2732,2732.107,02:17:43.708,02:17:46.708,8263.708,8266.708,3
2732,2732.108,02:17:46.708,02:17:49.708,8266.708,8269.708,3
2732,2732.109,02:17:49.708,02:17:52.708,8269.708,8272.708,3
2732,2732.110,02:17:52.708,02:17:55.708,8272.708,8275.708,3
2732,2732.111,02:17:55.708,02:17:58.708,8275.708,8278.708,3
2732,2732.112,02:17:58.708,02:18:01.708,8278.708,8281.708,3
2732,2732.113,02:18:01.708,02:18:04.708,8281.708,8284.708,3
2732,2732.114,02:18:04.708,02:18:07.708,8284.708,8287.708,3
2732,2732.115,02:18:07.708,02:18:10.708,8287.708,8290.708,3
2733,2733.1,02:18:10.875,02:18:13.875,8290.875,8293.875,3
